Brand;Article;Name;Color;Gender;Segment HQ;Type;Concept;Fit;RRP
Levi's;10175;Armstrong Stretch Belt ;red;Men;ACCs;Belt;Armstrong;No;3420
Levi's;10176;Armstrong Stretch Belt ;white;Men;ACCs;Belt;Armstrong;No;3420
Levi's;10349;Levi's® X Bape® Bandana ;green;Women;ACCs;Bandana;Bape;No;2246
Levi's;10350;Levi's® X Bape® Bandana ;yellow;Women;ACCs;Bandana;Bape;No;2246
Levi's;10351;Levi's® X Bape® Bandana ;blue;Women;ACCs;Bandana;Bape;No;2246
Levi's;10299;Levi's® 2 Pack Solid Regular Cut Socks ;blue;Men;ACCs;Socks;Levi's;No;1575
Levi's;10318;Levi's® Pride 2 Pack Regular Cut Socks ;red;Men;ACCs;Socks;Levi's;No;1620
Levi's;10324;Levi's® Pride Short Cut 2-Pack Socks ;black;Men;ACCs;Socks;Levi's;No;1620
Levi's;10387;Athena Belt (Plus Size) ;pink;Women;ACCs;Belt;No;No;3146
Levi's;10381;Boxy Banana Sling Bag ;white;Women;ACCs;Bandana;No;No;3146
Levi's;10386;Boxy Banana Sling Bag ;green;Women;ACCs;Bag;No;No;3146
Levi's;10199;Chenango Reversible Belt ;green;Men;ACCs;Belt;No;No;4050
Levi's;10270;Hackensack Belt ;yellow;Men;ACCs;Belt;No;No;3420
Levi's;10280;Icon Belt ;blue;Men;ACCs;Belt;No;No;4320
Levi's;10281;Icon Belt ;yellow;Men;ACCs;Belt;No;No;4455
Levi's;10357;Vintage Modern Logo Beanie ;red;Women;ACCs;Beanie;Vintage;No;2246
Levi's;10358;Vintage Modern Logo Beanie ;black;Women;ACCs;Beanie;Vintage;No;2246
Levi's;10359;Vintage Modern Logo Beanie ;red;Women;ACCs;Beanie;Vintage;No;2246
Levi's;10363;Vintage Modern Logo Beanie ;black;Women;ACCs;Beanie;Vintage;No;2246
Levi's;10173;80's Wide T-Shirt ;pink;Men;APP MEN;T-Shirt;80;No;10350
Levi's;10174;80's Wide T-Shirt ;white;Men;APP MEN;T-Shirt;80;No;10350
Levi's;10001;1947 501® Men's Jeans ;black;Men;APP MEN;Jeans;501;Vintage;23400
Levi's;10002;1947 501® Men's Jeans ;black;Men;APP MEN;Jeans;501;Vintage;25020
Levi's;10003;1947 501® Men's Jeans ;black;Men;APP MEN;Jeans;501;Vintage;25020
Levi's;10007;1954 501® Men's Jeans ;black;Men;APP MEN;Jeans;501;Vintage;23400
Levi's;10008;1955 501® Men's Jeans ;black;Men;APP MEN;Jeans;501;Vintage;23400
Levi's;10009;1955 501® Original Fit Men's Jeans ;blue;Men;APP MEN;Jeans;501;Original;25020
Levi's;10019;1984 501® Men's Jeans ;blue;Men;APP MEN;Jeans;501;Vintage;17820
Levi's;10020;501® '93 Cropped Men's Jeans ;blue;Men;APP MEN;Jeans;501;Vintage;8055
Levi's;10021;501® '93 Cut-Off 7 in. Mens Shorts ;green;Men;APP MEN;Shorts;501;No;5355
Levi's;10022;501® '93 Straight Fit Men's Jeans ;blue;Men;APP MEN;Jeans;501;Straight;15120
Levi's;10023;501® '93 Straight Men's Jeans ;blue;Men;APP MEN;Jeans;501;Straight;13320
Levi's;10024;501® '93 Straight Men's Jeans ;blue;Men;APP MEN;Jeans;501;Straight;8055
Levi's;10025;501® '93 Straight Men's Jeans ;blue;Men;APP MEN;Jeans;501;Straight;8820
Levi's;10026;501® '93 Tie Dye Cut-Off 7 in. Mens Shorts ;yellow;Men;APP MEN;Shorts;501;No;5355
Levi's;10027;501® Original Fit Men's Jeans ;blue;Men;APP MEN;Jeans;501;Original;13320
Levi's;10028;501® Original Fit Men's Jeans ;blue;Men;APP MEN;Jeans;501;Original;5355
Levi's;10029;501® Original Fit Men's Jeans ;blue;Men;APP MEN;Jeans;501;Original;6255
Levi's;10030;501® Original Fit Men's Jeans ;blue;Men;APP MEN;Jeans;501;Original;6255
Levi's;10031;501® Original Fit Men's Jeans ;blue;Men;APP MEN;Jeans;501;Original;8055
Levi's;10032;501® Original Fit Men's Jeans ;blue;Men;APP MEN;Jeans;501;Original;8055
Levi's;10033;501® Original Fit Men's Jeans (Big & Tall) ;blue;Men;APP MEN;Jeans;501;Original;6255
Levi's;10034;501® Original Fit Ripped Men's Jeans ;blue;Men;APP MEN;Jeans;501;Original;7155
Levi's;10035;501® Original Fit Stretch Men's Jeans ;blue;Men;APP MEN;Jeans;501;Original;5355
Levi's;10036;501® Original Fit Stretch Men's Jeans ;blue;Men;APP MEN;Jeans;501;Original;5355
Levi's;10037;501® Original Fit Stretch Men's Jeans ;blue;Men;APP MEN;Jeans;501;Original;8055
Levi's;10038;501® Original Fit Stretch Men's Jeans (Big & Tall) ;blue;Men;APP MEN;Jeans;501;Original;6255
Levi's;10039;501® Original Fit Stretch Men's Jeans (Big & Tall) ;blue;Men;APP MEN;Jeans;501;Original;7155
Levi's;10040;501® Original Fit Twill Men's Jeans ;blue;Men;APP MEN;Jeans;501;Original;6255
Levi's;10041;501® Original Hemmed 9 in. Mens Shorts ;blue;Men;APP MEN;Shorts;501;No;4500
Levi's;10042;501® Original Shrink-to-Fit™ Men's Jeans ;blue;Men;APP MEN;Jeans;501;Original;5355
Levi's;10043;501® Shrink-to-Fit™ Men's Jeans (Big & Tall) ;blue;Men;APP MEN;Jeans;501;Original;6255
Levi's;10044;501® Slim Taper Fit Men's Jeans ;blue;Men;APP MEN;Jeans;501;Original;7155
Levi's;10291;LEGO Group x Levi's® 501® '93 Straight Fit Men's Jeans ;blue;Men;APP MEN;Jeans;501;Straight;13320
Levi's;10333;Levi's® x AWAKE 501® Original Fit Men's Jeans ;blue;Men;APP MEN;Jeans;501;Original;24750
Levi's;10335;Levi's® x BEAMS 501® Original Fit Men's Jeans ;black;Men;APP MEN;Jeans;501;Original;23850
Levi's;10045;502™ Long Shorts ;red;Men;APP MEN;Shorts;502;No;4500
Levi's;10046;502™ Taper Fit Chino Shorts ;black;Men;APP MEN;Shorts;502;No;4050
Levi's;10047;502™ Taper Fit Hybrid Cargo Pants ;pink;Men;APP MEN;Pants;502;No;6255
Levi's;10048;502™ Taper Fit Levi’s® Flex Men's Jeans ;black;Men;APP MEN;Jeans;502;Tapered;6255
Levi's;10049;502™ Taper Fit Levi’s® Flex Men's Jeans ;black;Men;APP MEN;Jeans;502;Tapered;8055
Levi's;10050;502™ Taper Fit Levi’s® Flex Men's Jeans ;green;Men;APP MEN;Jeans;502;Tapered;8055
Levi's;10051;502™ Taper Fit Levi’s® Flex Men's Jeans ;green;Men;APP MEN;Jeans;502;Tapered;8055
Levi's;10052;502™ Taper Fit Levi’s® Flex Men's Jeans ;blue;Men;APP MEN;Jeans;502;Tapered;8055
Levi's;10053;502™ Taper Fit Levi’s® Flex Men's Jeans ;blue;Men;APP MEN;Jeans;502;Tapered;8820
Levi's;10054;502™ Taper Fit Levi’s® Flex Men's Jeans (Big & Tall) ;blue;Men;APP MEN;Jeans;502;Tapered;7155
Levi's;10055;502™ Taper Fit Men's Jeans ;blue;Men;APP MEN;Jeans;502;Tapered;13320
Levi's;10056;502™ Taper Fit Men's Jeans ;blue;Men;APP MEN;Jeans;502;Tapered;13320
Levi's;10057;502™ Taper Fit Men's Jeans ;blue;Men;APP MEN;Jeans;502;Tapered;13320
Levi's;10058;502™ Taper Fit Men's Jeans ;blue;Men;APP MEN;Jeans;502;Tapered;15120
Levi's;10059;502™ Taper Fit Men's Jeans ;blue;Men;APP MEN;Jeans;502;Tapered;6255
Levi's;10060;502™ Taper Fit Men's Jeans ;green;Men;APP MEN;Jeans;502;Tapered;6255
Levi's;10061;502™ Taper Fit Men's Jeans ;green;Men;APP MEN;Jeans;502;Tapered;6255
Levi's;10062;502™ Taper Fit Men's Jeans ;green;Men;APP MEN;Jeans;502;Tapered;6255
Levi's;10063;502™ Taper Fit Men's Jeans ;green;Men;APP MEN;Jeans;502;Tapered;7155
Levi's;10064;502™ Taper Fit Men's Jeans ;black;Men;APP MEN;Jeans;502;Tapered;8820
Levi's;10065;502™ Taper Fit Men's Jeans ;black;Men;APP MEN;Jeans;502;Tapered;8820
Levi's;10066;502™ Taper Fit Men's Jeans (Big & Tall) ;black;Men;APP MEN;Jeans;502;Tapered;5355
Levi's;10067;502™ Taper Fit Men's Jeans (Big & Tall) ;blue;Men;APP MEN;Jeans;502;Tapered;6255
Levi's;10068;502™ Taper Fit Men's Jeans (Big & Tall) ;blue;Men;APP MEN;Jeans;502;Tapered;7155
Levi's;10305;Levi's® Engineered Jeans™ 502™ Taper Fit Men's Jeans ;blue;Men;APP MEN;Jeans;502;Engineered;8820
Levi's;10327;Levi's® WellThread® 502™ Taper Fit Men's Jeans ;blue;Men;APP MEN;Jeans;502;Tapered;11520
Levi's;10328;Levi's® WellThread® 502™ Taper Fit Men's Jeans ;blue;Men;APP MEN;Jeans;502;Tapered;13320
Levi's;10329;Levi's® WellThread® 502™ Taper Fit Pants ;white;Men;APP MEN;Pants;502;No;11520
Levi's;10336;Levi's® x Disney 502™ Taper Fit Men's Jeans ;blue;Men;APP MEN;Jeans;502;Tapered;13320
Levi's;10013;1967 505® Regular Fit Men's Jeans ;black;Men;APP MEN;Jeans;505;Regular;21600
Levi's;10014;1967 505™ Regular Fit Men's Jeans ;black;Men;APP MEN;Jeans;505;Regular;25020
Levi's;10069;505™ Regular Fit 10 in. Mens Shorts ;green;Men;APP MEN;Shorts;505;No;4050
Levi's;10070;505™ Regular Fit Levi’s® Flex Men's Jeans ;black;Men;APP MEN;Jeans;505;Regular;5355
Levi's;10071;505™ Regular Fit Men's Jeans ;black;Men;APP MEN;Jeans;505;Regular;5355
Levi's;10072;505™ Regular Fit Men's Jeans ;black;Men;APP MEN;Jeans;505;Regular;5355
Levi's;10073;505™ Regular Fit Men's Jeans ;black;Men;APP MEN;Jeans;505;Regular;7155
Levi's;10074;505™ Regular Fit Men's Jeans (Big & Tall) ;black;Men;APP MEN;Jeans;505;Regular;6255
Levi's;10075;505™ Regular Fit Stretch Men's Jeans ;black;Men;APP MEN;Jeans;505;Regular;5355
Levi's;10076;510™ Skinny Fit Levi’s® Flex Men's Jeans ;black;Men;APP MEN;Jeans;510;Skinny;6255
Levi's;10077;510™ Skinny Fit Levi’s® Flex Men's Jeans ;black;Men;APP MEN;Jeans;510;Skinny;6255
Levi's;10078;510™ Skinny Fit Levi’s® Flex Men's Jeans ;black;Men;APP MEN;Jeans;510;Skinny;8055
Levi's;10079;510™ Skinny Fit Levi’s® Flex Men's Jeans ;blue;Men;APP MEN;Jeans;510;Skinny;8055
Levi's;10080;510™ Skinny Fit Men's Jeans ;blue;Men;APP MEN;Jeans;510;Skinny;6255
Levi's;10081;510™ Skinny Fit Men's Jeans ;blue;Men;APP MEN;Jeans;510;Skinny;6255
Levi's;10082;510™ Skinny Fit Men's Jeans ;blue;Men;APP MEN;Jeans;510;Skinny;6255
Levi's;10083;510™ Skinny Fit Men's Jeans ;blue;Men;APP MEN;Jeans;510;Skinny;7155
Levi's;10084;510™ Skinny Fit Men's Jeans ;blue;Men;APP MEN;Jeans;510;Skinny;8055
Levi's;10085;510™ Skinny Fit Men's Jeans ;blue;Men;APP MEN;Jeans;510;Skinny;8820
Levi's;10086;510™ Skinny Fit Tencel Men's Jeans ;blue;Men;APP MEN;Jeans;510;Skinny;6255
Levi's;10087;511™ Slim Cut-Off 10 in. Mens Shorts ;yellow;Men;APP MEN;Shorts;511;No;4500
Levi's;10088;511™ Slim Cut-Off 10 in. Mens Shorts ;blue;Men;APP MEN;Shorts;511;No;5355
Levi's;10089;511™ Slim Cut-Off 10 in. Shorts ;red;Men;APP MEN;Shorts;511;No;4500
Levi's;10090;511™ Slim Cut-Off Shorts ;black;Men;APP MEN;Shorts;511;No;4500
Levi's;10091;511™ Slim Cut-Off Tie Dye 10 in. Mens Shorts ;pink;Men;APP MEN;Shorts;511;No;4500
Levi's;10092;511™ Slim Cut-Off Tie Dye 10 In. Mens Shorts ;white;Men;APP MEN;Shorts;511;No;4500
Levi's;10093;511™ Slim Fit All Seasons Tech Men's Jeans ;blue;Men;APP MEN;Jeans;511;Slim;6255
Levi's;10094;511™ Slim Fit Hemmed Mens Shorts ;green;Men;APP MEN;Shorts;511;No;4500
Levi's;10095;511™ Slim Fit Levi’s® Flex Men's Jeans ;blue;Men;APP MEN;Jeans;511;Slim;6255
Levi's;10096;511™ Slim Fit Levi’s® Flex Men's Jeans ;black;Men;APP MEN;Jeans;511;Slim;6255
Levi's;10097;511™ Slim Fit Levi’s® Flex Men's Jeans ;black;Men;APP MEN;Jeans;511;Slim;6255
Levi's;10098;511™ Slim Fit Levi’s® Flex Men's Jeans ;black;Men;APP MEN;Jeans;511;Slim;7155
Levi's;10099;511™ Slim Fit Levi’s® Flex Men's Jeans ;black;Men;APP MEN;Jeans;511;Slim;7155
Levi's;10100;511™ Slim Fit Levi’s® Flex Men's Jeans ;black;Men;APP MEN;Jeans;511;Slim;8055
Levi's;10101;511™ Slim Fit Medium 10 in. Mens Shorts ;yellow;Men;APP MEN;Shorts;511;No;4500
Levi's;10102;511™ Slim Fit Men's Jeans ;black;Men;APP MEN;Jeans;511;Slim;13320
Levi's;10103;511™ Slim Fit Men's Jeans ;black;Men;APP MEN;Jeans;511;Slim;15120
Levi's;10104;511™ Slim Fit Men's Jeans ;black;Men;APP MEN;Jeans;511;Slim;16920
Levi's;10105;511™ Slim Fit Men's Jeans ;black;Men;APP MEN;Jeans;511;Slim;6255
Levi's;10106;511™ Slim Fit Men's Jeans ;black;Men;APP MEN;Jeans;511;Slim;6255
Levi's;10107;511™ Slim Fit Men's Jeans ;black;Men;APP MEN;Jeans;511;Slim;6255
Levi's;10108;511™ Slim Fit Men's Jeans ;blue;Men;APP MEN;Jeans;511;Slim;6255
Levi's;10109;511™ Slim Fit Men's Jeans ;blue;Men;APP MEN;Jeans;511;Slim;6705
Levi's;10110;511™ Slim Fit Men's Jeans ;blue;Men;APP MEN;Jeans;511;Slim;7155
Levi's;10111;511™ Slim Fit Men's Jeans ;blue;Men;APP MEN;Jeans;511;Slim;7155
Levi's;10112;511™ Slim Fit Men's Pants ;blue;Men;APP MEN;Pants;511;No;8055
Levi's;10113;511™ Slim Fit Men's Pants ;red;Men;APP MEN;Pants;511;No;8055
Levi's;10114;511™ Slim Fit Pants ;black;Men;APP MEN;Pants;511;No;6255
Levi's;10115;512™ Slim Taper Fit Levi's® Flex Men's Jeans ;blue;Men;APP MEN;Jeans;512;Slim;6255
Levi's;10116;512™ Slim Taper Fit Levi’s® Flex Men's Jeans ;blue;Men;APP MEN;Jeans;512;Slim;6255
Levi's;10117;512™ Slim Taper Fit Levi’s® Flex Men's Jeans ;blue;Men;APP MEN;Jeans;512;Slim;8055
Levi's;10118;512™ Slim Taper Fit Levi’s® Flex Men's Jeans ;black;Men;APP MEN;Jeans;512;Slim;8820
Levi's;10119;512™ Slim Taper Fit Men's Jeans ;black;Men;APP MEN;Jeans;512;Slim;15120
Levi's;10120;512™ Slim Taper Fit Men's Jeans ;black;Men;APP MEN;Jeans;512;Slim;6255
Levi's;10121;512™ Slim Taper Fit Men's Jeans ;black;Men;APP MEN;Jeans;512;Slim;6255
Levi's;10122;512™ Slim Taper Fit Men's Jeans ;black;Men;APP MEN;Jeans;512;Slim;6255
Levi's;10123;512™ Slim Taper Fit Men's Jeans ;blue;Men;APP MEN;Jeans;512;Slim;6255
Levi's;10124;512™ Slim Taper Fit Men's Jeans ;blue;Men;APP MEN;Jeans;512;Slim;8820
Levi's;10125;512™ Slim Taper Fit Men's Jeans ;blue;Men;APP MEN;Jeans;512;Slim;8820
Levi's;10126;512™ Slim Taper Men's Jeans ;blue;Men;APP MEN;Jeans;512;Slim;13320
Levi's;10127;513™ Slim Straight Jeans ;blue;Men;APP MEN;Jeans;513;Slim;6255
Levi's;10128;513™ Slim Straight Men's Jeans ;blue;Men;APP MEN;Jeans;513;Slim;5355
Levi's;10129;513™ Slim Straight Men's Jeans ;black;Men;APP MEN;Jeans;513;Slim;6255
Levi's;10130;513™ Slim Straight Men's Jeans ;black;Men;APP MEN;Jeans;513;Slim;6255
Levi's;10131;514™ Straight Fit Levi’s® Flex Men's Jeans ;black;Men;APP MEN;Jeans;514;Straight;6255
Levi's;10132;514™ Straight Fit Levi’s® Flex Men's Jeans ;black;Men;APP MEN;Jeans;514;Straight;8055
Levi's;10133;514™ Straight Fit Levi’s® Flex Men's Jeans ;black;Men;APP MEN;Jeans;514;Straight;8820
Levi's;10134;514™ Straight Fit Levi’s® Flex Men’s Jeans ;black;Men;APP MEN;Jeans;514;Straight;6255
Levi's;10135;514™ Straight Fit Men's Jeans ;black;Men;APP MEN;Jeans;514;Straight;5355
Levi's;10136;514™ Straight Fit Men's Jeans ;black;Men;APP MEN;Jeans;514;Straight;6255
Levi's;10137;514™ Straight Fit Men's Jeans ;black;Men;APP MEN;Jeans;514;Straight;6255
Levi's;10138;514™ Straight Fit Men's Jeans ;black;Men;APP MEN;Jeans;514;Straight;6255
Levi's;10139;514™ Straight Fit Men's Jeans ;black;Men;APP MEN;Jeans;514;Straight;6255
Levi's;10140;514™ Straight Fit Men's Jeans ;black;Men;APP MEN;Jeans;514;Straight;6255
Levi's;10141;514™ Straight Fit Men's Jeans ;black;Men;APP MEN;Jeans;514;Straight;6255
Levi's;10142;514™ Straight Fit Men's Jeans ;black;Men;APP MEN;Jeans;514;Straight;6255
Levi's;10143;514™ Straight Fit Men's Jeans ;black;Men;APP MEN;Jeans;514;Straight;8055
Levi's;10144;527™ Slim Boot Cut Levi’s® Flex Men's Jeans ;black;Men;APP MEN;Jeans;527;Slim;6255
Levi's;10145;527™ Slim Boot Cut Levi’s® Flex Men's Jeans ;black;Men;APP MEN;Jeans;527;Slim;6255
Levi's;10146;527™ Slim Boot Cut Men's Jeans ;black;Men;APP MEN;Jeans;527;Slim;6255
Levi's;10147;531™ Athletic Slim Levi's® Flex Fit Men's Jeans ;black;Men;APP MEN;Jeans;531;Tapered;6255
Levi's;10148;531™ Athletic Slim Levi’s® Flex Men's Jeans ;black;Men;APP MEN;Jeans;531;Tapered;6255
Levi's;10149;531™ Athletic Slim Levi’s® Flex Men's Jeans ;black;Men;APP MEN;Jeans;531;Tapered;6255
Levi's;10150;541™ Athletic Taper 11 in. Mens Shorts ;pink;Men;APP MEN;Shorts;541;No;6255
Levi's;10151;541™ Athletic Taper Fit Levi’s® Flex Men's Jeans ;black;Men;APP MEN;Jeans;541;Tapered;8820
Levi's;10152;541™ Athletic Taper Fit Tencel Men's Pants ;white;Men;APP MEN;Pants;541;No;6255
Levi's;10153;541™ Athletic Taper Levi’s® Flex Men's Jeans ;blue;Men;APP MEN;Jeans;541;Tapered;6255
Levi's;10154;541™ Athletic Taper Levi’s® Flex Men's Jeans ;blue;Men;APP MEN;Jeans;541;Tapered;8055
Levi's;10155;541™ Athletic Taper Men's Jeans ;blue;Men;APP MEN;Jeans;541;Tapered;6255
Levi's;10156;541™ Athletic Taper Men's Jeans ;blue;Men;APP MEN;Jeans;541;Tapered;6255
Levi's;10157;541™ Athletic Taper Men's Jeans ;blue;Men;APP MEN;Jeans;541;Tapered;7155
Levi's;10158;541™ Athletic Taper Men's Jeans ;blue;Men;APP MEN;Jeans;541;Tapered;8055
Levi's;10159;541™ Athletic Taper Men's Jeans (Big & Tall) ;blue;Men;APP MEN;Jeans;541;Tapered;6255
Levi's;10160;541™ Athletic Taper Men's Jeans (Big & Tall) ;blue;Men;APP MEN;Jeans;541;Tapered;7155
Levi's;10161;541™ Athletic Taper Men's Jeans (Big & Tall) ;blue;Men;APP MEN;Jeans;541;Tapered;7155
Levi's;10162;541™ Athletic Taper Shorts ;green;Men;APP MEN;Shorts;541;No;4500
Levi's;10163;541™ Taper Fit Levi’s® Flex Men's Jeans (Big & Tall) ;blue;Men;APP MEN;Jeans;541;Tapered;7155
Levi's;10164;550™ Relaxed Fit Men's Jeans ;blue;Men;APP MEN;Jeans;550;Relaxed;5355
Levi's;10165;550™ Relaxed Fit Men's Jeans (Big & Tall) ;blue;Men;APP MEN;Jeans;550;Relaxed;6255
Levi's;10166;551™ Z Authentic Straight Men's Jeans ;blue;Men;APP MEN;Jeans;551;Relaxed;8820
Levi's;10167;559™ Relaxed Straight Men's Jeans ;blue;Men;APP MEN;Jeans;559;Relaxed;5355
Levi's;10168;559™ Relaxed Straight Men's Jeans ;blue;Men;APP MEN;Jeans;559;Relaxed;6255
Levi's;10169;559™ Relaxed Straight Men's Jeans (Big & Tall) ;black;Men;APP MEN;Jeans;559;Relaxed;6255
Levi's;10170;559™ Relaxed Straight Men's Jeans (Big & Tall) ;grey;Men;APP MEN;Jeans;559;Relaxed;6255
Levi's;10171;560™ Comfort Fit Men's Jeans (Big & Tall) ;grey;Men;APP MEN;Jeans;560;Comfort;6255
Levi's;10172;569™ Loose Straight Fit Men's Jeans ;grey;Men;APP MEN;Jeans;569;Loose;5355
Levi's;10004;1950's Hoodie ;yellow;Men;APP MEN;Sweats;1950;No;17550
Levi's;10005;1950's Sportswear T-Shirt ;blue;Men;APP MEN;T-Shirt;1950;No;8550
Levi's;10006;1950's Sportswear Tee Shirt ;red;Men;APP MEN;T-Shirt;1950;No;7920
Levi's;10010;1960's Spike Pants ;black;Men;APP MEN;Pants;1960;No;17820
Levi's;10011;1960's Striped Tee Shirt ;pink;Men;APP MEN;T-Shirt;1960;No;8820
Levi's;10012;1961 Type III 557 Trucker Jacket ;white;Men;APP MEN;Jackets;1961;No;25020
Levi's;10015;1969 606® Men's Jeans ;grey;Men;APP MEN;Jeans;1969;Vintage;18450
Levi's;10016;1970's 519 Corduroy Pants ;green;Men;APP MEN;Pants;1970;No;17820
Levi's;10017;1980's Longsleeve Crewneck Sweatshirt ;yellow;Men;APP MEN;Shirts;1980;No;10350
Levi's;10018;1980's Longsleeve Tee Shirt ;blue;Men;APP MEN;T-Shirt;1980;No;16650
Levi's;10194;Carrier Cargo 11.25 in. Mens Shorts (Big & Tall) ;red;Men;APP MEN;Shorts;Carrier Cargo;No;5400
Levi's;10195;Carrier Cargo 11.25 in. Mens Shorts (Big & Tall) ;black;Men;APP MEN;Shorts;Carrier Cargo;No;6255
Levi's;10196;Carrier Cargo 9.5 in. Mens Shorts ;pink;Men;APP MEN;Shorts;Carrier Cargo;No;4500
Levi's;10197;Carrier Cargo Camo 9.5 in. Mens Shorts ;white;Men;APP MEN;Shorts;Carrier Cargo;No;4500
Levi's;10198;Carrier Cargo Shorts ;green;Men;APP MEN;Shorts;Carrier Cargo;No;4500
Levi's;10201;Classic Graphic T-Shirt ;yellow;Men;APP MEN;T-Shirt;Classic;No;2205
Levi's;10202;Classic Graphic T-Shirt ;blue;Men;APP MEN;T-Shirt;Classic;No;2205
Levi's;10203;Classic Graphic T-Shirt ;red;Men;APP MEN;T-Shirt;Classic;No;2205
Levi's;10204;Classic One Pocket Shirt ;black;Men;APP MEN;Shirts;Classic;No;11520
Levi's;10205;Classic One Pocket Shirt ;pink;Men;APP MEN;Shirts;Classic;No;5355
Levi's;10206;Classic One Pocket Short Sleeve Tee Shirt ;white;Men;APP MEN;T-Shirt;Classic;No;4455
Levi's;10207;Classic One Pocket Short Sleeve Tee Shirt ;green;Men;APP MEN;T-Shirt;Classic;No;4455
Levi's;10208;Classic One Pocket Short Sleeve Tee Shirt ;yellow;Men;APP MEN;T-Shirt;Classic;No;4455
Levi's;10209;Classic One Pocket Short Sleeve Tee Shirt ;blue;Men;APP MEN;T-Shirt;Classic;No;4455
Levi's;10210;Classic One Pocket Tee Shirt ;red;Men;APP MEN;T-Shirt;Classic;No;4455
Levi's;10211;Classic Plaid One Pocket Shirt ;black;Men;APP MEN;Shirts;Classic;No;5355
Levi's;10212;Classic Pocket Tee ;pink;Men;APP MEN;T-Shirt;Classic;No;2205
Levi's;10213;Classic Pocket Tee Shirt ;white;Men;APP MEN;T-Shirt;Classic;No;2205
Levi's;10214;Classic Pocket Tee Shirt ;green;Men;APP MEN;T-Shirt;Classic;No;5355
Levi's;10215;Classic Tee ;yellow;Men;APP MEN;T-Shirt;Classic;No;2205
Levi's;10216;Classic Western Shirt ;blue;Men;APP MEN;Shirts;Classic;No;5355
Levi's;10217;Classic Western Shirt (Big) ;red;Men;APP MEN;Shirts;Classic;No;6255
Levi's;10218;Classic Western Shirt (Big) ;black;Men;APP MEN;Shirts;Classic;No;6255
Levi's;10219;Classic Western Standard Shirt ;pink;Men;APP MEN;Shirts;Classic;No;5355
Levi's;10220;Classic Worker Overshirt ;white;Men;APP MEN;Shirts;Classic;No;6255
Levi's;10232;Cubano Shirt ;green;Men;APP MEN;Shirts;Cubano;No;5355
Levi's;10233;Cubano Shirt ;yellow;Men;APP MEN;Shirts;Cubano;No;5355
Levi's;10234;Cubano Shirt ;blue;Men;APP MEN;Shirts;Cubano;No;5355
Levi's;10235;Cubano Shirt ;red;Men;APP MEN;Shirts;Cubano;No;5355
Levi's;10236;Cubano Shirt ;black;Men;APP MEN;Shirts;Cubano;No;5805
Levi's;10241;Graphic Crewneck Tee Shirt ;pink;Men;APP MEN;T-Shirt;Graphic;No;2205
Levi's;10242;Graphic Crewneck Tee Shirt ;white;Men;APP MEN;T-Shirt;Graphic;No;2205
Levi's;10243;Graphic Crewneck Tee Shirt ;green;Men;APP MEN;T-Shirt;Graphic;No;2205
Levi's;10244;Graphic Crewneck Tee Shirt ;yellow;Men;APP MEN;T-Shirt;Graphic;No;2205
Levi's;10245;Graphic Crewneck Tee Shirt ;blue;Men;APP MEN;T-Shirt;Graphic;No;2205
Levi's;10246;Graphic Crewneck Tee Shirt ;red;Men;APP MEN;T-Shirt;Graphic;No;2205
Levi's;10247;Graphic Crewneck Tee Shirt ;black;Men;APP MEN;T-Shirt;Graphic;No;2205
Levi's;10248;Graphic Crewneck Tee Shirt ;pink;Men;APP MEN;T-Shirt;Graphic;No;2205
Levi's;10249;Graphic Crewneck Tee Shirt ;white;Men;APP MEN;T-Shirt;Graphic;No;2205
Levi's;10250;Graphic Crewneck Tee Shirt ;green;Men;APP MEN;T-Shirt;Graphic;No;2205
Levi's;10251;Graphic Crewneck Tee Shirt ;yellow;Men;APP MEN;T-Shirt;Graphic;No;2205
Levi's;10252;Graphic Crewneck Tee Shirt ;blue;Men;APP MEN;T-Shirt;Graphic;No;2205
Levi's;10253;Graphic Crewneck Tee Shirt ;red;Men;APP MEN;T-Shirt;Graphic;No;2250
Levi's;10254;Graphic Hoodie ;black;Men;APP MEN;Sweats;Graphic;No;5355
Levi's;10255;Graphic Hoodie ;pink;Men;APP MEN;Sweats;Graphic;No;5355
Levi's;10256;Graphic Longsleeve Tee ;white;Men;APP MEN;T-Shirt;Graphic;No;2655
Levi's;10257;Graphic Mockneck Tee Shirt ;green;Men;APP MEN;T-Shirt;Graphic;No;2655
Levi's;10258;Graphic Pullover Hoodie ;yellow;Men;APP MEN;Sweats;Graphic;No;5355
Levi's;10259;Graphic Pullover Hoodie ;blue;Men;APP MEN;Sweats;Graphic;No;6255
Levi's;10260;Graphic Pullover Hoodie ;red;Men;APP MEN;Sweats;Graphic;No;6255
Levi's;10261;Graphic Pullover Hoodie ;black;Men;APP MEN;Sweats;Graphic;No;6255
Levi's;10262;Graphic Pullover Hoodie ;pink;Men;APP MEN;Sweats;Graphic;No;6255
Levi's;10263;Graphic Set-In Shirt ;white;Men;APP MEN;Shirts;Graphic;No;2205
Levi's;10264;Graphic Tee Shirt ;green;Men;APP MEN;T-Shirt;Graphic;No;10350
Levi's;10265;Graphic Tee Shirt ;yellow;Men;APP MEN;T-Shirt;Graphic;No;10350
Levi's;10266;Graphic Tee Shirt ;blue;Men;APP MEN;T-Shirt;Graphic;No;10350
Levi's;10267;Graphic Tee Shirt ;red;Men;APP MEN;T-Shirt;Graphic;No;2205
Levi's;10268;Graphic Tee Shirt ;black;Men;APP MEN;T-Shirt;Graphic;No;8820
Levi's;10269;Graphic Zip Up Hoodie ;pink;Men;APP MEN;Sweats;Graphic;No;5355
Levi's;10283;Jackson Worker Overshirt ;white;Men;APP MEN;Shirts;Jackson;No;7155
Levi's;10284;Jackson Worker Overshirt ;green;Men;APP MEN;Shirts;Jackson;No;7155
Levi's;10285;Jackson Worker Overshirt ;yellow;Men;APP MEN;Shirts;Jackson;No;7155
Levi's;10286;Jackson Worker Overshirt ;blue;Men;APP MEN;Shirts;Jackson;No;7155
Levi's;10287;Jackson Worker Overshirt ;red;Men;APP MEN;Shirts;Jackson;No;7155
Levi's;10288;Jackson Worker Overshirt ;black;Men;APP MEN;Shirts;Jackson;No;7155
Levi's;10289;Jackson Worker Overshirt ;pink;Men;APP MEN;Shirts;Jackson;No;7155
Levi's;10290;Jackson Worker Overshirt ;white;Men;APP MEN;Shirts;Jackson;No;7155
Levi's;10292;LEGO Group x Levi's® Longsleeve Relaxed Graphic Tee Shirt ;green;Men;APP MEN;T-Shirt;LEGO;No;3150
Levi's;10293;LEGO Group x Levi's® Relaxed Crewneck Sweatshirt ;yellow;Men;APP MEN;Shirts;LEGO;No;7155
Levi's;10294;LEGO Group x Levi's® Relaxed Crewneck Sweatshirt ;blue;Men;APP MEN;Shirts;LEGO;No;7155
Levi's;10295;LEGO Group x Levi's® Relaxed Fit Tee Shirt ;red;Men;APP MEN;T-Shirt;LEGO;No;2700
Levi's;10296;LEGO Group x Levi's® Relaxed Fit Tee Shirt ;black;Men;APP MEN;T-Shirt;LEGO;No;2700
Levi's;10297;LEGO Group x Levi's® Relaxed Fit Tee Shirt ;pink;Men;APP MEN;T-Shirt;LEGO;No;2700
Levi's;10298;LEGO Group x Levi's® Vintage Fit Trucker Jacket ;white;Men;APP MEN;Jackets;LEGO;No;13320
Levi's;10300;Levi's® Chest Logo Polo Shirt ;green;Men;APP MEN;Shirts;Levi's;No;3105
Levi's;10301;Levi's® Chest Logo Polo Shirt ;yellow;Men;APP MEN;Shirts;Levi's;No;3105
Levi's;10302;Levi's® Chest Logo Polo Shirt ;blue;Men;APP MEN;Shirts;Levi's;No;3555
Levi's;10303;Levi's® Chest Logo Polo Shirt ;red;Men;APP MEN;Shirts;Levi's;No;3555
Levi's;10304;Levi's® Classic XX Chino 9.5 in. Mens Shorts ;black;Men;APP MEN;Shorts;Levi's;No;5355
Levi's;10306;Levi's® Engineered Jeans™ 570™ Baggy Taper Jeans ;grey;Men;APP MEN;Jeans;Levi's;Engineered;8820
Levi's;10307;Levi's® Engineered Jeans™ Trucker Jacket ;grey;Men;APP MEN;Jeans;Levi's;Engineered;10620
Levi's;10308;Levi's® Logo Classic T-Shirt ;green;Men;APP MEN;T-Shirt;Levi's;No;2205
Levi's;10309;Levi's® Logo Classic Tee Shirt ;yellow;Men;APP MEN;T-Shirt;Levi's;No;2205
Levi's;10310;Levi's® Logo Classic Tee Shirt ;blue;Men;APP MEN;T-Shirt;Levi's;No;2655
Levi's;10311;Levi's® Logo Graphic Tee Shirt ;red;Men;APP MEN;T-Shirt;Levi's;No;2205
Levi's;10312;Levi's® Logo Graphic Tee Shirt ;black;Men;APP MEN;T-Shirt;Levi's;No;2205
Levi's;10313;Levi's® Logo Graphic Tee Shirt ;grey;Men;APP MEN;T-Shirt;Levi's;No;2655
Levi's;10314;Levi's® Logo New York Tee ;grey;Men;APP MEN;T-Shirt;Levi's;No;2205
Levi's;10315;Levi's® Logo Polo Shirt ;green;Men;APP MEN;Shirts;Levi's;No;3555
Levi's;10316;Levi's® Logo Pullover Hoodie ;yellow;Men;APP MEN;Sweats;Levi's;No;6255
Levi's;10317;Levi's® Logo Zip Hoodie (Big) ;blue;Men;APP MEN;Sweats;Levi's;No;6255
Levi's;10319;Levi's® Pride Community Cropped Tee Shirt ;red;Men;APP MEN;T-Shirt;Levi's;No;2655
Levi's;10320;Levi's® Pride Community Graphic Tee Shirt ;black;Men;APP MEN;T-Shirt;Levi's;No;2655
Levi's;10321;Levi's® Pride Community Graphic Tee Shirt ;grey;Men;APP MEN;T-Shirt;Levi's;No;2655
Levi's;10322;Levi's® Pride Community Graphic Tee Shirt ;grey;Men;APP MEN;T-Shirt;Levi's;No;2655
Levi's;10323;Levi's® Pride Oversized Trucker Jacket ;green;Men;APP MEN;Jackets;Levi's;No;10620
Levi's;10325;Levi's® Pride Trucker Jacket ;yellow;Men;APP MEN;Jackets;Levi's;No;10620
Levi's;10326;Levi's® Script Zip Up Hoodie ;blue;Men;APP MEN;Sweats;Levi's;No;4905
Levi's;10330;Levi's® WellThread® Graphic Tee Shirt ;red;Men;APP MEN;T-Shirt;Levi's;No;3600
Levi's;10331;Levi's® WellThread® Hoodie ;black;Men;APP MEN;Sweats;Levi's;No;8820
Levi's;10332;Levi's® WellThread® Trucker Jacket ;grey;Men;APP MEN;Jackets;Levi's;No;17820
Levi's;10334;Levi's® x AWAKE Trucker Jacket ;grey;Men;APP MEN;Jackets;Levi's;No;44550
Levi's;10337;Levi's® x Disney Bomber Jacket ;green;Men;APP MEN;Jackets;Levi's;No;11520
Levi's;10338;Levi's® x Disney Crewneck Sweatshirt ;yellow;Men;APP MEN;Shirts;Levi's;No;7155
Levi's;10339;Levi's® x Disney Goofy Longsleeve T-Shirt ;blue;Men;APP MEN;T-Shirt;Levi's;No;4005
Levi's;10340;Levi's® x Disney Hoodie ;red;Men;APP MEN;Sweats;Levi's;No;7605
Levi's;10341;Levi's® x Disney Mickey and Minnie T-Shirt ;black;Men;APP MEN;T-Shirt;Levi's;No;3555
Levi's;10342;Levi's® x Disney Mickey T-Shirt ;grey;Men;APP MEN;T-Shirt;Levi's;No;3555
Levi's;10343;Levi's® x Disney Padded Trucker Jacket ;grey;Men;APP MEN;Jackets;Levi's;No;13320
Levi's;10344;Levi's® x Disney T-Shirt ;green;Men;APP MEN;T-Shirt;Levi's;No;3555
Levi's;10345;Levi's® x Disney Trucker Jacket ;yellow;Men;APP MEN;Jackets;Levi's;No;10620
Levi's;10346;Levi's® x Heron Preston Trucker Jacket ;blue;Men;APP MEN;Jackets;Levi's;No;35820
Levi's;10347;Levi's® x Justin Timberlake Varsity Trucker Jacket ;red;Men;APP MEN;Jackets;Levi's;No;34200
Levi's;10348;Levi's® x Peanuts Football Tee Shirt ;black;Men;APP MEN;T-Shirt;Levi's;No;3600
Levi's;10177;At Work Trucker Jacket ;grey;Men;APP MEN;Jackets;No;No;10620
Levi's;10178;Authentic Crewneck Tee Shirt ;grey;Men;APP MEN;T-Shirt;No;No;2655
Levi's;10179;Authentic Logo Crewneck Sweatshirt ;green;Men;APP MEN;Shirts;No;No;5355
Levi's;10180;Baker Bomber Jacket (Tall) ;yellow;Men;APP MEN;Jackets;No;No;6705
Levi's;10181;Barstow Overshirt ;blue;Men;APP MEN;Shirts;No;No;7155
Levi's;10182;Barstow Western Shirt ;red;Men;APP MEN;Shirts;No;No;6255
Levi's;10183;Barstow Western Shirt ;black;Men;APP MEN;Shirts;No;No;6255
Levi's;10184;Barstow Western Shirt ;grey;Men;APP MEN;Shirts;No;No;6255
Levi's;10185;Bay Meadows Sweatshirt ;grey;Men;APP MEN;Shirts;No;No;14850
Levi's;10186;Bay Meadows Sweatshirt ;green;Men;APP MEN;Shirts;No;No;14850
Levi's;10187;Bay Meadows Sweatshirt ;yellow;Men;APP MEN;Shirts;No;No;14850
Levi's;10188;Bay Meadows Sweatshirt ;blue;Men;APP MEN;Shirts;No;No;14850
Levi's;10189;Bedford Shirt ;red;Men;APP MEN;Shirts;No;No;17550
Levi's;10190;Boxed Hoodie ;black;Men;APP MEN;Sweats;No;No;11520
Levi's;10191;Boxtab Graphic Tee ;grey;Men;APP MEN;T-Shirt;No;No;2205
Levi's;10192;Boxtab New York Tee ;grey;Men;APP MEN;T-Shirt;No;No;2205
Levi's;10193;Cali Bear Graphic Tee Shirt ;green;Men;APP MEN;T-Shirt;No;No;2205
Levi's;10200;Chest Boxtab Logo Tee Shirt ;yellow;Men;APP MEN;T-Shirt;No;No;2655
Levi's;10221;Climbing Pants ;blue;Men;APP MEN;Pants;No;No;20520
Levi's;10222;Coaches Jacket ;red;Men;APP MEN;Jackets;No;No;44550
Levi's;10223;Colorblock Corduroy Trucker Jacket ;black;Men;APP MEN;Jackets;No;No;10620
Levi's;10224;Colorblock Tee Shirt ;grey;Men;APP MEN;T-Shirt;No;No;6255
Levi's;10225;Corduroy Barstow Western Slim Shirt ;grey;Men;APP MEN;Shirts;No;No;6255
Levi's;10226;Corduroy Sherpa Trucker Jacket ;green;Men;APP MEN;Jackets;No;No;11520
Levi's;10227;Corduroy Shirt ;yellow;Men;APP MEN;Shirts;No;No;17550
Levi's;10228;Cottonized Hemp Stay Loose Trucker Jacket ;blue;Men;APP MEN;Jackets;No;No;10620
Levi's;10229;Cottonized Hemp Vintage Fit Trucker Jacket ;red;Men;APP MEN;Jackets;No;No;8820
Levi's;10230;Crewneck Sweatshirt ;black;Men;APP MEN;Shirts;No;No;4455
Levi's;10231;Crochet Stitch Polo Shirt ;grey;Men;APP MEN;Shirts;No;No;11520
Levi's;10237;Denim Family Shirt ;grey;Men;APP MEN;Shirts;No;No;17820
Levi's;10238;Desert Scape Graphic Tee Shirt ;green;Men;APP MEN;T-Shirt;No;No;2205
Levi's;10239;Draft Taper Men's Jeans ;grey;Men;APP MEN;Jeans;No;Tapered;20520
Levi's;10240;Fillmore Short Puffer Jacket ;blue;Men;APP MEN;Jackets;No;No;17820
Levi's;10271;Hayes Oversized Overshirt ;red;Men;APP MEN;Shirts;No;No;8820
Levi's;10272;Headlands Tactical Jacket ;black;Men;APP MEN;Jackets;No;No;15120
Levi's;10273;Hi-Ball Roll Camo Pants ;grey;Men;APP MEN;Pants;No;No;8055
Levi's;10274;Hi-Ball Roll Men's Jeans ;grey;Men;APP MEN;Jeans;No;Vintage;8055
Levi's;10275;Hooded Hybrid Sherpa Trucker Jacket ;green;Men;APP MEN;Jackets;No;No;13320
Levi's;10276;Housemark Graphic Tee ;grey;Men;APP MEN;T-Shirt;No;No;2205
Levi's;10277;Housemark Graphic Tee Shirt ;blue;Men;APP MEN;T-Shirt;No;No;2205
Levi's;10278;Housemark Polo Shirt ;red;Men;APP MEN;Shirts;No;No;3105
Levi's;10279;Housemark Polo Shirt ;black;Men;APP MEN;Shirts;No;No;3105
Levi's;10282;Iconic Original Trucker Jacket ;grey;Men;APP MEN;Jackets;No;No;8820
Levi's;10548;70's High Flare Jeans ;black;Women;APP WMN;Jeans;70;Flare;11246
Levi's;10551;70's High Flare Jeans ;black;Women;APP WMN;Jeans;70;Flare;11246
Levi's;10547;70's High Straight Jeans ;black;Women;APP WMN;Jeans;70;Straight;11246
Levi's;10554;70's High Straight Jeans ;black;Women;APP WMN;Jeans;70;Straight;11246
Levi's;10472;310™ Shaping Super Skinny Jeans ;black;Women;APP WMN;Jeans;310;Skinny;8096
Levi's;10473;310™ Shaping Super Skinny Jeans ;black;Women;APP WMN;Jeans;310;Skinny;8096
Levi's;10474;310™ Shaping Super Skinny Jeans ;blue ;Women;APP WMN;Jeans;310;Skinny;8096
Levi's;10481;310™ Shaping Super Skinny Jeans ;blue ;Women;APP WMN;Jeans;310;Skinny;8096
Levi's;10459;311™ Shaping Skinny Jeans ;blue ;Women;APP WMN;Jeans;311;Skinny;7196
Levi's;10460;311™ Shaping Skinny Jeans ;blue ;Women;APP WMN;Jeans;311;Skinny;7196
Levi's;10469;311™ Shaping Skinny Jeans ;blue ;Women;APP WMN;Jeans;311;Skinny;8096
Levi's;10471;311™ Shaping Skinny Jeans ;blue ;Women;APP WMN;Jeans;311;Skinny;8096
Levi's;10476;311™ Shaping Skinny Jeans ;blue ;Women;APP WMN;Jeans;311;Skinny;8096
Levi's;10477;311™ Shaping Skinny Jeans ;blue ;Women;APP WMN;Jeans;311;Skinny;8096
Levi's;10482;311™ Shaping Skinny Jeans ;blue ;Women;APP WMN;Jeans;311;Skinny;8096
Levi's;10483;311™ Shaping Skinny Jeans ;black;Women;APP WMN;Jeans;311;Skinny;8096
Levi's;10485;311™ Shaping Skinny Jeans ;black;Women;APP WMN;Jeans;311;Skinny;8096
Levi's;10467;312™ Shaping Slim Jeans ;black;Women;APP WMN;Jeans;312;Slim;8096
Levi's;10470;312™ Shaping Slim Jeans ;blue;Women;APP WMN;Jeans;312;Slim;8096
Levi's;10479;312™ Shaping Slim Jeans ;blue;Women;APP WMN;Jeans;312;Slim;8096
Levi's;10484;312™ Shaping Slim Jeans ;blue;Women;APP WMN;Jeans;312;Slim;8096
Levi's;10468;314™ Shaping Straight Jeans ;blue;Women;APP WMN;Jeans;314;Straight;8096
Levi's;10475;314™ Shaping Straight Jeans ;blue;Women;APP WMN;Jeans;314;Straight;8096
Levi's;10478;314™ Shaping Straight Jeans ;blue;Women;APP WMN;Jeans;314;Straight;8096
Levi's;10480;314™ Shaping Straight Jeans ;blue;Women;APP WMN;Jeans;314;Straight;8096
Levi's;10465;315™ Shaping Bootcut Jeans ;black;Women;APP WMN;Jeans;315;Bootcut;8096
Levi's;10466;315™ Shaping Bootcut Jeans ;black;Women;APP WMN;Jeans;315;Bootcut;8096
Levi's;10514;501® Levi's® Crop Jeans ;black;Women;APP WMN;Jeans;501;Crop;9896
Levi's;10515;501® Levi's® Crop Jeans ;grey;Women;APP WMN;Jeans;501;Crop;9896
Levi's;10522;501® Levi's® Crop Jeans ;blue;Women;APP WMN;Jeans;501;Crop;9896
Levi's;10523;501® Levi's® Crop Jeans ;blue;Women;APP WMN;Jeans;501;Crop;9896
Levi's;10525;501® Levi's® Crop Jeans ;blue;Women;APP WMN;Jeans;501;Crop;10796
Levi's;10538;501® Levi's® Crop Jeans ;blue;Women;APP WMN;Jeans;501;Crop;10796
Levi's;10541;501® Levi's® Crop Jeans ;blue;Women;APP WMN;Jeans;501;Crop;10796
Levi's;10570;501® Levi's® Crop Jeans ;blue;Women;APP WMN;Jeans;501;Crop;12596
Levi's;10516;501® Levi's® Crop Jeans (Plus) ;blue;Women;APP WMN;Jeans;501;Crop;9896
Levi's;10530;501® Levi's® Crop Jeans (Plus) ;blue;Women;APP WMN;Jeans;501;Crop;10796
Levi's;10511;711™ Skinny Jeans ;blue;Women;APP WMN;Jeans;711;Skinny;8996
Levi's;10493;720™ High Rise Super Skinny Jeans ;blue;Women;APP WMN;Jeans;720;Skinny;8996
Levi's;10498;720™ High Rise Super Skinny Jeans ;blue;Women;APP WMN;Jeans;720;Skinny;8996
Levi's;10528;720™ High Rise Super Skinny Jeans ;blue;Women;APP WMN;Jeans;720;Skinny;10796
Levi's;10534;720™ High Rise Super Skinny Jeans ;blue;Women;APP WMN;Jeans;720;Skinny;10796
Levi's;10535;720™ High Rise Super Skinny Jeans ;blue;Women;APP WMN;Jeans;720;Skinny;10796
Levi's;10492;720™ High Rise Super Skinny Jeans (Plus) ;blue;Women;APP WMN;Jeans;720;Skinny;8996
Levi's;10495;720™ High Rise Super Skinny Jeans (Plus) ;blue;Women;APP WMN;Jeans;720;Skinny;8996
Levi's;10536;720™ High Rise Super Skinny Jeans (Plus) ;blue;Women;APP WMN;Jeans;720;Skinny;10796
Levi's;10497;721™ High Rise Skinny Jeans ;blue;Women;APP WMN;Jeans;721;Skinny;8996
Levi's;10499;721™ High Rise Skinny Jeans ;blue;Women;APP WMN;Jeans;721;Skinny;8996
Levi's;10500;721™ High Rise Skinny Jeans ;blue;Women;APP WMN;Jeans;721;Skinny;8996
Levi's;10533;721™ High Rise Skinny Jeans ;blue;Women;APP WMN;Jeans;721;Skinny;10796
Levi's;10545;721™ High Rise Skinny Jeans ;blue;Women;APP WMN;Jeans;721;Skinny;10796
Levi's;10501;721™ High Rise Skinny Jeans - Exposed Buttons ;blue;Women;APP WMN;Jeans;721;Skinny;8996
Levi's;10512;721™ High Rise Skinny Jeans - Exposed Buttons ;blue;Women;APP WMN;Jeans;721;Skinny;8996
Levi's;10494;721™ High Rise Skinny Jeans (Plus) ;blue;Women;APP WMN;Jeans;721;Skinny;8996
Levi's;10503;721™ High Rise Skinny Jeans (Plus) ;blue;Women;APP WMN;Jeans;721;Skinny;8996
Levi's;10504;721™ High Rise Skinny Jeans (Plus) ;blue;Women;APP WMN;Jeans;721;Skinny;8996
Levi's;10531;724™ High Rise Straight Jeans ;grey;Women;APP WMN;Jeans;724;Straight;10796
Levi's;10507;724™ High Rise Straight Jeans (Plus) ;grey;Women;APP WMN;Jeans;724;Straight;8996
Levi's;10508;724™ High Rise Straight Jeans (Plus) ;grey;Women;APP WMN;Jeans;724;Straight;8996
Levi's;10540;724™ High Rise Straight Jeans (Plus) ;grey;Women;APP WMN;Jeans;724;Straight;10796
Levi's;10526;725™ High Rise Bootcut Jeans ;grey;Women;APP WMN;Jeans;725;Bootcut;10796
Levi's;10537;725™ High Rise Bootcut Jeans ;blue;Women;APP WMN;Jeans;725;Bootcut;10796
Levi's;10509;725™ High Rise Bootcut Jeans (Plus) ;blue;Women;APP WMN;Jeans;725;Bootcut;8996
Levi's;10539;725™ High Rise Bootcut Jeans (Plus) ;blue;Women;APP WMN;Jeans;725;Bootcut;10796
Levi's;10441;Diana Graphic Sweatshirt ;grey;Women;APP WMN;Sweats;Diana;No;6746
Levi's;10440;Diana Sweatshirt ;grey;Women;APP WMN;Sweats;Diana;No;6746
Levi's;10455;Essential Western Shirt (Plus) ;grey;Women;APP WMN;Shirts;Essential;No;7196
Levi's;10564;Ex-Boyfriend Sherpa Trucker Jacket ;grey;Women;APP WMN;Jackets;Ex-Boyfriend;No;12596
Levi's;10565;Ex-Boyfriend Sherpa Trucker Jacket (Plus) ;blue;Women;APP WMN;Jackets;Ex-Boyfriend;No;12596
Levi's;10559;Ex-Boyfriend Trucker Jacket ;blue;Women;APP WMN;Jackets;Ex-Boyfriend;No;11696
Levi's;10417;Hadley Blouse ;blue;Women;APP WMN;Shirts;Hadley;No;6296
Levi's;10420;Hadley Blouse ;grey;Women;APP WMN;Shirts;Hadley;No;6296
Levi's;10415;Hollywood High Waisted Taper ;blue;Women;APP WMN;Jeans;Hollywood;Tapered;6296
Levi's;10422;Hollywood High Waisted Taper ;blue;Women;APP WMN;Jeans;Hollywood;Tapered;6296
Levi's;10532;Levi's Jumpsuit ;grey;Women;APP WMN;Jumpsuit;Levi's;No;10796
Levi's;10546;Levi's Jumpsuit (Plus) ;blue;Women;APP WMN;Jumpsuit;Levi's;No;10796
Levi's;10576;Levi's® Made & Crafted® Pleated Column Jeans ;blue;Women;APP WMN;Jeans;Levi's;Straight;14396
Levi's;10542;Levi's® Made & Crafted® Relaxed Shirt ;blue;Women;APP WMN;Shirts;Levi's;No;10796
Levi's;10543;Levi's® Made & Crafted® Relaxed Shirt ;grey;Women;APP WMN;Shirts;Levi's;No;10796
Levi's;10496;Levi's® Made & Crafted® Riptide Sweatshirt ;blue;Women;APP WMN;Sweats;Levi's;No;8996
Levi's;10510;Levi's® Made & Crafted® Riptide Sweatshirt ;blue;Women;APP WMN;Sweats;Levi's;No;8996
Levi's;10571;Levi's® Made & Crafted® Sunray Trucker Jacket ;grey;Women;APP WMN;Jackets;Levi's;No;13496
Levi's;10568;Levi's® Made & Crafted® The Barrel Jeans ;blue;Women;APP WMN;Jeans;Levi's;Straight;12596
Levi's;10569;Levi's® Made & Crafted® The Barrel Jeans ;grey;Women;APP WMN;Jeans;Levi's;Straight;12596
Levi's;10563;Levi's® Made & Crafted® The Column Jeans ;grey;Women;APP WMN;Jeans;Levi's;Straight;12596
Levi's;10567;Levi's® Made & Crafted® The Column Jeans ;grey;Women;APP WMN;Jeans;Levi's;Straight;12596
Levi's;10575;Levi's® Made & Crafted® Type II Trucker Jacket ;blue;Women;APP WMN;Jackets;Levi's;No;13496
Levi's;10392;Levi's® Made & Crafted® Wave Tee ;blue;Women;APP WMN;T-Shirt;Levi's;No;3596
Levi's;10393;Levi's® Made & Crafted® Wave Tee ;grey;Women;APP WMN;T-Shirt;Levi's;No;3596
Levi's;10442;Levi's® Red Tab™ Hoodie ;blue;Women;APP WMN;Sweats;Levi's;No;6746
Levi's;10443;Levi's® Red Tab™ Hoodie ;grey;Women;APP WMN;Sweats;Levi's;No;6746
Levi's;10444;Levi's® Red Tab™ Hoodie ;grey;Women;APP WMN;Sweats;Levi's;No;6746
Levi's;10447;Levi's® Red Tab™ Hoodie ;grey;Women;APP WMN;Sweats;Levi's;No;6746
Levi's;10448;Levi's® Red Tab™ Hoodie ;blue;Women;APP WMN;Sweats;Levi's;No;6746
Levi's;10400;Levi's® Red Tab™ Sweatpants ;blue;Women;APP WMN;Pants;Levi's;No;5396
Levi's;10401;Levi's® Red Tab™ Sweatpants ;grey;Women;APP WMN;Pants;Levi's;No;5396
Levi's;10402;Levi's® Red Tab™ Sweatpants ;blue;Women;APP WMN;Pants;Levi's;No;5396
Levi's;10403;Levi's® Red Tab™ Sweatpants ;grey;Women;APP WMN;Pants;Levi's;No;5396
Levi's;10405;Levi's® Red Tab™ Sweatpants ;grey;Women;APP WMN;Pants;Levi's;No;5396
Levi's;10423;Levi's® Standard Sweatshirt ;grey;Women;APP WMN;Sweats;Levi's;No;6296
Levi's;10429;Levi's® Standard Sweatshirt ;blue;Women;APP WMN;Sweats;Levi's;No;6296
Levi's;10434;Levi's® Standard Sweatshirt ;blue;Women;APP WMN;Sweats;Levi's;No;6296
Levi's;10398;Levi's® Sweatpants ;grey;Women;APP WMN;Pants;Levi's;No;5396
Levi's;10404;Levi's® Sweatpants ;blue;Women;APP WMN;Pants;Levi's;No;5396
Levi's;10406;Levi's® Sweatpants ;grey;Women;APP WMN;Pants;Levi's;No;5396
Levi's;10407;Levi's® Sweatpants ;grey;Women;APP WMN;Pants;Levi's;No;5396
Levi's;10573;Levi’s® X New Balance® Women's Reversible Trucker Jacket ;grey;Women;APP WMN;Jackets;Levi's;No;13496
Levi's;10513;Aida Parka ;blue;Women;APP WMN;Jackets;No;No;9896
Levi's;10572;Alexa Blazer ;blue;Women;APP WMN;Blazer;No;No;13496
Levi's;10389;Baby Tee ;grey;Women;APP WMN;T-Shirt;No;No;3596
Levi's;10391;Baby Tee (Plus) ;blue;Women;APP WMN;T-Shirt;No;No;3596
Levi's;10519;Blair Wrap Dress ;grey;Women;APP WMN;Dresses;No;No;9896
Levi's;10412;Crew Rib Sweater ;grey;Women;APP WMN;Sweats;No;No;6296
Levi's;10424;Crew Rib Sweater ;grey;Women;APP WMN;Sweats;No;No;6296
Levi's;10426;Crew Rib Sweater ;blue;Women;APP WMN;Sweats;No;No;6296
Levi's;10431;Crew Rib Sweater ;blue;Women;APP WMN;Sweats;No;No;6296
Levi's;10409;Deconstructed Skirt (Plus) ;grey;Women;APP WMN;Skirts;No;No;5846
Levi's;10456;Frannie Sweatshirt ;blue;Women;APP WMN;Sweats;No;No;7196
Levi's;10464;Gillian Mockneck ;grey;Women;APP WMN;Top;No;No;7196
Levi's;10355;Heavyweight Right On Tee ;grey;Women;APP WMN;T-Shirt;No;No;2246
Levi's;10356;Heavyweight Right On Tee ;grey;Women;APP WMN;T-Shirt;No;No;2246
Levi's;10362;Heavyweight Right On Tee ;blue;Women;APP WMN;T-Shirt;No;No;2246
Levi's;10558;High Loose Jeans ;grey;Women;APP WMN;Jeans;No;Loose;11246
Levi's;10562;High Loose Jeans ;grey;Women;APP WMN;Jeans;No;Loose;12146
Levi's;10553;High Loose Taper ;grey;Women;APP WMN;Jeans;No;Tapered;11246
Levi's;10550;High Loose Taper Jeans ;blue;Women;APP WMN;Jeans;No;Tapered;11246
Levi's;10552;High Loose Taper Jeans ;blue;Women;APP WMN;Jeans;No;Tapered;11246
Levi's;10414;High-Waisted Taper ;blue;Women;APP WMN;Jeans;No;Tapered;6296
Levi's;10463;Isla Dress ;blue;Women;APP WMN;Dresses;No;No;7196
Levi's;10399;Laney Button Down Shirt ;grey;Women;APP WMN;Shirts;No;No;5396
Levi's;10452;Lilith Blouse ;grey;Women;APP WMN;Shirts;No;No;7196
Levi's;10557;Loose Cargo ;blue;Women;APP WMN;Jeans;No;Straight;11246
Levi's;10549;Loose Straight Jeans ;blue;Women;APP WMN;Jeans;No;Straight;11246
Levi's;10555;Loose Straight Jeans ;blue;Women;APP WMN;Jeans;No;Straight;11246
Levi's;10556;Loose Straight Jeans ;blue;Women;APP WMN;Jeans;No;Straight;11246
Levi's;10521;Loose Utility Trucker Jacket ;blue;Women;APP WMN;Jackets;No;No;9896
Levi's;10520;Marion Dress ;grey;Women;APP WMN;Dresses;No;No;9896
Levi's;10449;Melrose Slouchy Crew ;grey;Women;APP WMN;Top;No;No;6746
Levi's;10439;Melrose Slouchy Top ;blue;Women;APP WMN;Top;No;No;6746
Levi's;10450;Melrose Slouchy Top ;blue;Women;APP WMN;Top;No;No;6746
Levi's;10518;Miko Trench ;blue;Women;APP WMN;Coat;No;No;9896
Levi's;10502;Mile High Ankle Skinny Jeans ;blue;Women;APP WMN;Jeans;No;Skinny;8996
Levi's;10491;Mile High Super Skinny Jeans ;blue;Women;APP WMN;Jeans;No;Skinny;8996
Levi's;10527;Mile High Super Skinny Jeans ;blue;Women;APP WMN;Jeans;No;Skinny;10796
Levi's;10529;Mile High Super Skinny Jeans ;blue;Women;APP WMN;Jeans;No;Skinny;10796
Levi's;10505;Mile High Super Skinny Jeans (Plus) ;blue;Women;APP WMN;Jeans;No;Skinny;8996
Levi's;10574;New Heritage Sherpa Trucker Jacket ;blue;Women;APP WMN;Jackets;No;No;13496
Levi's;10561;New Heritage Trucker Jacket ;blue;Women;APP WMN;Jackets;No;No;11696
Levi's;10388;Rib Bodysuit ;blue;Women;APP WMN;Bodysuit;No;No;3596
Levi's;10390;Rib Bodysuit ;blue;Women;APP WMN;Bodysuit;No;No;3596
Levi's;10418;Rib Sweater ;blue;Women;APP WMN;Sweats;No;No;6296
Levi's;10517;Ribcage Straight Ankle Jeans ;blue;Women;APP WMN;Jeans;No;Straight;9896
Levi's;10524;Ribcage Straight Ankle Jeans ;blue;Women;APP WMN;Jeans;No;Straight;10796
Levi's;10544;Ribcage Straight Ankle Jeans ;grey;Women;APP WMN;Jeans;No;Straight;10796
Levi's;10384;Rickie Graphic Tee ;blue;Women;APP WMN;T-Shirt;No;No;3146
Levi's;10385;Rickie Graphic Tee ;blue;Women;APP WMN;T-Shirt;No;No;3146
Levi's;10453;Rider Hoodie ;blue;Women;APP WMN;Sweats;No;No;7196
Levi's;10394;Secondskin Mockneck ;blue;Women;APP WMN;Top;No;No;4046
Levi's;10395;Secondskin Mockneck ;blue;Women;APP WMN;Top;No;No;4046
Levi's;10410;Standard Crew Fleece ;blue;Women;APP WMN;Jackets;No;No;5846
Levi's;10408;Standard Fleece ;grey;Women;APP WMN;Jackets;No;No;5846
Levi's;10396;Standard Graphic Fleece ;blue;Women;APP WMN;Jackets;No;No;4496
Levi's;10413;Standard Graphic Fleece ;blue;Women;APP WMN;Jackets;No;No;6296
Levi's;10430;Standard Graphic Fleece ;blue;Women;APP WMN;Jackets;No;No;6296
Levi's;10435;Standard Graphic Fleece ;blue;Women;APP WMN;Jackets;No;No;6296
Levi's;10438;Standard Graphic Hoodie ;blue;Women;APP WMN;Sweats;No;No;6746
Levi's;10445;Standard Graphic Hoodie ;blue;Women;APP WMN;Sweats;No;No;6746
Levi's;10397;Standard Graphic Tee ;grey;Women;APP WMN;T-Shirt;No;No;4496
Levi's;10437;Standard Graphic Tee ;blue;Women;APP WMN;T-Shirt;No;No;6296
Levi's;10411;Standard Hoodie ;blue;Women;APP WMN;Sweats;No;No;6296
Levi's;10454;Standard Sweatshirt ;blue;Women;APP WMN;Sweats;No;No;7196
Levi's;10458;Standard Sweatshirt ;blue;Women;APP WMN;Sweats;No;No;7196
Levi's;10489;Tailor High Loose Taper ;grey;Women;APP WMN;Jeans;No;Tapered;8996
Levi's;10506;Tailor High Loose Taper ;grey;Women;APP WMN;Jeans;No;Tapered;8996
Levi's;10436;The Classic Shirt ;grey;Women;APP WMN;Shirts;No;No;6296
Levi's;10352;The Perfect Tee ;blue;Women;APP WMN;T-Shirt;No;No;2246
Levi's;10353;The Perfect Tee ;blue;Women;APP WMN;T-Shirt;No;No;2246
Levi's;10354;The Perfect Tee ;blue;Women;APP WMN;T-Shirt;No;No;2246
Levi's;10360;The Perfect Tee ;blue;Women;APP WMN;T-Shirt;No;No;2246
Levi's;10361;The Perfect Tee ;grey;Women;APP WMN;T-Shirt;No;No;2246
Levi's;10364;The Perfect Tee ;grey;Women;APP WMN;T-Shirt;No;No;2696
Levi's;10365;The Perfect Tee ;grey;Women;APP WMN;T-Shirt;No;No;2696
Levi's;10366;The Perfect Tee ;blue;Women;APP WMN;T-Shirt;No;No;2696
Levi's;10367;The Perfect Tee ;blue;Women;APP WMN;T-Shirt;No;No;2696
Levi's;10368;The Perfect Tee ;blue;Women;APP WMN;T-Shirt;No;No;2696
Levi's;10371;The Perfect Tee ;blue;Women;APP WMN;T-Shirt;No;No;2696
Levi's;10372;The Perfect Tee ;grey;Women;APP WMN;T-Shirt;No;No;2696
Levi's;10373;The Perfect Tee ;grey;Women;APP WMN;T-Shirt;No;No;2696
Levi's;10375;The Perfect Tee ;grey;Women;APP WMN;T-Shirt;No;No;2696
Levi's;10376;The Perfect Tee ;blue;Women;APP WMN;T-Shirt;No;No;2696
Levi's;10377;The Perfect Tee ;blue;Women;APP WMN;T-Shirt;No;No;2696
Levi's;10380;The Perfect Tee ;blue;Women;APP WMN;T-Shirt;No;No;2696
Levi's;10369;The Perfect Tee (Plus) ;blue;Women;APP WMN;T-Shirt;No;No;2696
Levi's;10370;The Perfect Tee (Plus) ;grey;Women;APP WMN;T-Shirt;No;No;2696
Levi's;10566;The Sherpa Trucker Jacket ;grey;Women;APP WMN;Jackets;No;No;12596
Levi's;10560;The Tailored Trucker Jacket ;grey;Women;APP WMN;Jackets;No;No;11696
Levi's;10416;Utility Mile High Ankle Jeans ;grey;Women;APP WMN;Jeans;No;Straight;6296
Levi's;10427;Utility Mile High Ankle Jeans ;grey;Women;APP WMN;Jeans;No;Straight;6296
Levi's;10451;Utility Shirt ;blue;Women;APP WMN;Shirts;No;No;7196
Levi's;10462;Utility Shirt ;blue;Women;APP WMN;Shirts;No;No;7196
Levi's;10374;Varsity Graphic Tee ;grey;Women;APP WMN;T-Shirt;No;No;2696
Levi's;10378;Varsity Graphic Tee ;grey;Women;APP WMN;T-Shirt;No;No;2696
Levi's;10379;Varsity Graphic Tee ;grey;Women;APP WMN;T-Shirt;No;No;2696
Levi's;10382;Varsity Graphic Tee ;grey;Women;APP WMN;T-Shirt;No;No;3146
Levi's;10383;Varsity Graphic Tee ;grey;Women;APP WMN;T-Shirt;No;No;3146
Levi's;10457;Zoey Pleat Utility Shirt ;blue;Women;APP WMN;Shirts;No;No;7196
Levi's;10425;Vintage Raglan Fleece ;blue;Women;APP WMN;Jackets;Vintage;No;6296
Levi's;10486;Silverwood Shoes ;grey;Women;FTW WMN;Boots;No;No;8096
Levi's;10487;Silverwood Shoes ;grey;Women;FTW WMN;Boots;No;No;8096
Levi's;10488;Silverwood Sneakers;grey;Men;FTW MEN;Sneakers;No;No;8096
Levi's;10489;Silverwood Sneakers;grey;Men;FTW MEN;Sneakers;No;No;8096