brand,article,name,color,gender,segment_hq,type,concept,fit,rrp
Levi's,10175,Armstrong Stretch Belt ,red,Men,ACCs,Belt,Armstrong,No,3420.0
Levi's,10176,Armstrong Stretch Belt ,white,Men,ACCs,Belt,Armstrong,No,3420.0
Levi's,10349,Levi's® X Bape® Bandana ,green,Women,ACCs,Bandana,Bape,No,2246.0
Levi's,10350,Levi's® X Bape® Bandana ,yellow,Women,ACCs,Bandana,Bape,No,2246.0
Levi's,10351,Levi's® X Bape® Bandana ,blue,Women,ACCs,Bandana,Bape,No,2246.0
Levi's,10299,Levi's® 2 Pack Solid Regular Cut Socks ,blue,Men,ACCs,Socks,Levi's,No,1575.0
Levi's,10318,Levi's® Pride 2 Pack Regular Cut Socks ,red,Men,ACCs,Socks,Levi's,No,1620.0
Levi's,10324,Levi's® Pride Short Cut 2-Pack Socks ,black,Men,ACCs,Socks,Levi's,No,1620.0
Levi's,10387,Athena Belt (Plus Size) ,pink,Women,ACCs,Belt,No,No,3146.0
Levi's,10381,Boxy Banana Sling Bag ,white,Women,ACCs,Bandana,No,No,3146.0
Levi's,10386,Boxy Banana Sling Bag ,green,Women,ACCs,Bag,No,No,3146.0
Levi's,10199,Chenango Reversible Belt ,green,Men,ACCs,Belt,No,No,4050.0
Levi's,10270,Hackensack Belt ,yellow,Men,ACCs,Belt,No,No,3420.0
Levi's,10280,Icon Belt ,blue,Men,ACCs,Belt,No,No,4320.0
Levi's,10281,Icon Belt ,yellow,Men,ACCs,Belt,No,No,4455.0
Levi's,10357,Vintage Modern Logo Beanie ,red,Women,ACCs,Beanie,Vintage,No,2246.0
Levi's,10358,Vintage Modern Logo Beanie ,black,Women,ACCs,Beanie,Vintage,No,2246.0
Levi's,10359,Vintage Modern Logo Beanie ,red,Women,ACCs,Beanie,Vintage,No,2246.0
Levi's,10363,Vintage Modern Logo Beanie ,black,Women,ACCs,Beanie,Vintage,No,2246.0
Levi's,10173,80's Wide T-Shirt ,pink,Men,APP MEN,T-Shirt,80,No,10350.0
Levi's,10174,80's Wide T-Shirt ,white,Men,APP MEN,T-Shirt,80,No,10350.0
Levi's,10001,1947 501® Men's Jeans ,black,Men,APP MEN,Jeans,501,Vintage,23400.0
Levi's,10002,1947 501® Men's Jeans ,black,Men,APP MEN,Jeans,501,Vintage,25020.0
Levi's,10003,1947 501® Men's Jeans ,black,Men,APP MEN,Jeans,501,Vintage,25020.0
Levi's,10007,1954 501® Men's Jeans ,black,Men,APP MEN,Jeans,501,Vintage,23400.0
Levi's,10008,1955 501® Men's Jeans ,black,Men,APP MEN,Jeans,501,Vintage,23400.0
Levi's,10009,1955 501® Original Fit Men's Jeans ,blue,Men,APP MEN,Jeans,501,Original,25020.0
Levi's,10019,1984 501® Men's Jeans ,blue,Men,APP MEN,Jeans,501,Vintage,17820.0
Levi's,10020,501® '93 Cropped Men's Jeans ,blue,Men,APP MEN,Jeans,501,Vintage,8055.0
Levi's,10021,501® '93 Cut-Off 7 in. Mens Shorts ,green,Men,APP MEN,Shorts,501,No,5355.0
Levi's,10022,501® '93 Straight Fit Men's Jeans ,blue,Men,APP MEN,Jeans,501,Straight,15120.0
Levi's,10023,501® '93 Straight Men's Jeans ,blue,Men,APP MEN,Jeans,501,Straight,13320.0
Levi's,10024,501® '93 Straight Men's Jeans ,blue,Men,APP MEN,Jeans,501,Straight,8055.0
Levi's,10025,501® '93 Straight Men's Jeans ,blue,Men,APP MEN,Jeans,501,Straight,8820.0
Levi's,10026,501® '93 Tie Dye Cut-Off 7 in. Mens Shorts ,yellow,Men,APP MEN,Shorts,501,No,5355.0
Levi's,10027,501® Original Fit Men's Jeans ,blue,Men,APP MEN,Jeans,501,Original,13320.0
Levi's,10028,501® Original Fit Men's Jeans ,blue,Men,APP MEN,Jeans,501,Original,5355.0
Levi's,10029,501® Original Fit Men's Jeans ,blue,Men,APP MEN,Jeans,501,Original,6255.0
Levi's,10030,501® Original Fit Men's Jeans ,blue,Men,APP MEN,Jeans,501,Original,6255.0
Levi's,10031,501® Original Fit Men's Jeans ,blue,Men,APP MEN,Jeans,501,Original,8055.0
Levi's,10032,501® Original Fit Men's Jeans ,blue,Men,APP MEN,Jeans,501,Original,8055.0
Levi's,10033,501® Original Fit Men's Jeans (Big & Tall) ,blue,Men,APP MEN,Jeans,501,Original,6255.0
Levi's,10034,501® Original Fit Ripped Men's Jeans ,blue,Men,APP MEN,Jeans,501,Original,7155.0
Levi's,10035,501® Original Fit Stretch Men's Jeans ,blue,Men,APP MEN,Jeans,501,Original,5355.0
Levi's,10036,501® Original Fit Stretch Men's Jeans ,blue,Men,APP MEN,Jeans,501,Original,5355.0
Levi's,10037,501® Original Fit Stretch Men's Jeans ,blue,Men,APP MEN,Jeans,501,Original,8055.0
Levi's,10038,501® Original Fit Stretch Men's Jeans (Big & Tall) ,blue,Men,APP MEN,Jeans,501,Original,6255.0
Levi's,10039,501® Original Fit Stretch Men's Jeans (Big & Tall) ,blue,Men,APP MEN,Jeans,501,Original,7155.0
Levi's,10040,501® Original Fit Twill Men's Jeans ,blue,Men,APP MEN,Jeans,501,Original,6255.0
Levi's,10041,501® Original Hemmed 9 in. Mens Shorts ,blue,Men,APP MEN,Shorts,501,No,4500.0
Levi's,10042,501® Original Shrink-to-Fit™ Men's Jeans ,blue,Men,APP MEN,Jeans,501,Original,5355.0
Levi's,10043,501® Shrink-to-Fit™ Men's Jeans (Big & Tall) ,blue,Men,APP MEN,Jeans,501,Original,6255.0
Levi's,10044,501® Slim Taper Fit Men's Jeans ,blue,Men,APP MEN,Jeans,501,Original,7155.0
Levi's,10291,LEGO Group x Levi's® 501® '93 Straight Fit Men's Jeans ,blue,Men,APP MEN,Jeans,501,Straight,13320.0
Levi's,10333,Levi's® x AWAKE 501® Original Fit Men's Jeans ,blue,Men,APP MEN,Jeans,501,Original,24750.0
Levi's,10335,Levi's® x BEAMS 501® Original Fit Men's Jeans ,black,Men,APP MEN,Jeans,501,Original,23850.0
Levi's,10045,502™ Long Shorts ,red,Men,APP MEN,Shorts,502,No,4500.0
Levi's,10046,502™ Taper Fit Chino Shorts ,black,Men,APP MEN,Shorts,502,No,4050.0
Levi's,10047,502™ Taper Fit Hybrid Cargo Pants ,pink,Men,APP MEN,Pants,502,No,6255.0
Levi's,10048,502™ Taper Fit Levi’s® Flex Men's Jeans ,black,Men,APP MEN,Jeans,502,Tapered,6255.0
Levi's,10049,502™ Taper Fit Levi’s® Flex Men's Jeans ,black,Men,APP MEN,Jeans,502,Tapered,8055.0
Levi's,10050,502™ Taper Fit Levi’s® Flex Men's Jeans ,green,Men,APP MEN,Jeans,502,Tapered,8055.0
Levi's,10051,502™ Taper Fit Levi’s® Flex Men's Jeans ,green,Men,APP MEN,Jeans,502,Tapered,8055.0
Levi's,10052,502™ Taper Fit Levi’s® Flex Men's Jeans ,blue,Men,APP MEN,Jeans,502,Tapered,8055.0
Levi's,10053,502™ Taper Fit Levi’s® Flex Men's Jeans ,blue,Men,APP MEN,Jeans,502,Tapered,8820.0
Levi's,10054,502™ Taper Fit Levi’s® Flex Men's Jeans (Big & Tall) ,blue,Men,APP MEN,Jeans,502,Tapered,7155.0
Levi's,10055,502™ Taper Fit Men's Jeans ,blue,Men,APP MEN,Jeans,502,Tapered,13320.0
Levi's,10056,502™ Taper Fit Men's Jeans ,blue,Men,APP MEN,Jeans,502,Tapered,13320.0
Levi's,10057,502™ Taper Fit Men's Jeans ,blue,Men,APP MEN,Jeans,502,Tapered,13320.0
Levi's,10058,502™ Taper Fit Men's Jeans ,blue,Men,APP MEN,Jeans,502,Tapered,15120.0
Levi's,10059,502™ Taper Fit Men's Jeans ,blue,Men,APP MEN,Jeans,502,Tapered,6255.0
Levi's,10060,502™ Taper Fit Men's Jeans ,green,Men,APP MEN,Jeans,502,Tapered,6255.0
Levi's,10061,502™ Taper Fit Men's Jeans ,green,Men,APP MEN,Jeans,502,Tapered,6255.0
Levi's,10062,502™ Taper Fit Men's Jeans ,green,Men,APP MEN,Jeans,502,Tapered,6255.0
Levi's,10063,502™ Taper Fit Men's Jeans ,green,Men,APP MEN,Jeans,502,Tapered,7155.0
Levi's,10064,502™ Taper Fit Men's Jeans ,black,Men,APP MEN,Jeans,502,Tapered,8820.0
Levi's,10065,502™ Taper Fit Men's Jeans ,black,Men,APP MEN,Jeans,502,Tapered,8820.0
Levi's,10066,502™ Taper Fit Men's Jeans (Big & Tall) ,black,Men,APP MEN,Jeans,502,Tapered,5355.0
Levi's,10067,502™ Taper Fit Men's Jeans (Big & Tall) ,blue,Men,APP MEN,Jeans,502,Tapered,6255.0
Levi's,10068,502™ Taper Fit Men's Jeans (Big & Tall) ,blue,Men,APP MEN,Jeans,502,Tapered,7155.0
Levi's,10305,Levi's® Engineered Jeans™ 502™ Taper Fit Men's Jeans ,blue,Men,APP MEN,Jeans,502,Engineered,8820.0
Levi's,10327,Levi's® WellThread® 502™ Taper Fit Men's Jeans ,blue,Men,APP MEN,Jeans,502,Tapered,11520.0
Levi's,10328,Levi's® WellThread® 502™ Taper Fit Men's Jeans ,blue,Men,APP MEN,Jeans,502,Tapered,13320.0
Levi's,10329,Levi's® WellThread® 502™ Taper Fit Pants ,white,Men,APP MEN,Pants,502,No,11520.0
Levi's,10336,Levi's® x Disney 502™ Taper Fit Men's Jeans ,blue,Men,APP MEN,Jeans,502,Tapered,13320.0
Levi's,10013,1967 505® Regular Fit Men's Jeans ,black,Men,APP MEN,Jeans,505,Regular,21600.0
Levi's,10014,1967 505™ Regular Fit Men's Jeans ,black,Men,APP MEN,Jeans,505,Regular,25020.0
Levi's,10069,505™ Regular Fit 10 in. Mens Shorts ,green,Men,APP MEN,Shorts,505,No,4050.0
Levi's,10070,505™ Regular Fit Levi’s® Flex Men's Jeans ,black,Men,APP MEN,Jeans,505,Regular,5355.0
Levi's,10071,505™ Regular Fit Men's Jeans ,black,Men,APP MEN,Jeans,505,Regular,5355.0
Levi's,10072,505™ Regular Fit Men's Jeans ,black,Men,APP MEN,Jeans,505,Regular,5355.0
Levi's,10073,505™ Regular Fit Men's Jeans ,black,Men,APP MEN,Jeans,505,Regular,7155.0
Levi's,10074,505™ Regular Fit Men's Jeans (Big & Tall) ,black,Men,APP MEN,Jeans,505,Regular,6255.0
Levi's,10075,505™ Regular Fit Stretch Men's Jeans ,black,Men,APP MEN,Jeans,505,Regular,5355.0
Levi's,10076,510™ Skinny Fit Levi’s® Flex Men's Jeans ,black,Men,APP MEN,Jeans,510,Skinny,6255.0
Levi's,10077,510™ Skinny Fit Levi’s® Flex Men's Jeans ,black,Men,APP MEN,Jeans,510,Skinny,6255.0
Levi's,10078,510™ Skinny Fit Levi’s® Flex Men's Jeans ,black,Men,APP MEN,Jeans,510,Skinny,8055.0
Levi's,10079,510™ Skinny Fit Levi’s® Flex Men's Jeans ,blue,Men,APP MEN,Jeans,510,Skinny,8055.0
Levi's,10080,510™ Skinny Fit Men's Jeans ,blue,Men,APP MEN,Jeans,510,Skinny,6255.0
Levi's,10081,510™ Skinny Fit Men's Jeans ,blue,Men,APP MEN,Jeans,510,Skinny,6255.0
Levi's,10082,510™ Skinny Fit Men's Jeans ,blue,Men,APP MEN,Jeans,510,Skinny,6255.0
Levi's,10083,510™ Skinny Fit Men's Jeans ,blue,Men,APP MEN,Jeans,510,Skinny,7155.0
Levi's,10084,510™ Skinny Fit Men's Jeans ,blue,Men,APP MEN,Jeans,510,Skinny,8055.0
Levi's,10085,510™ Skinny Fit Men's Jeans ,blue,Men,APP MEN,Jeans,510,Skinny,8820.0
Levi's,10086,510™ Skinny Fit Tencel Men's Jeans ,blue,Men,APP MEN,Jeans,510,Skinny,6255.0
Levi's,10087,511™ Slim Cut-Off 10 in. Mens Shorts ,yellow,Men,APP MEN,Shorts,511,No,4500.0
Levi's,10088,511™ Slim Cut-Off 10 in. Mens Shorts ,blue,Men,APP MEN,Shorts,511,No,5355.0
Levi's,10089,511™ Slim Cut-Off 10 in. Shorts ,red,Men,APP MEN,Shorts,511,No,4500.0
Levi's,10090,511™ Slim Cut-Off Shorts ,black,Men,APP MEN,Shorts,511,No,4500.0
Levi's,10091,511™ Slim Cut-Off Tie Dye 10 in. Mens Shorts ,pink,Men,APP MEN,Shorts,511,No,4500.0
Levi's,10092,511™ Slim Cut-Off Tie Dye 10 In. Mens Shorts ,white,Men,APP MEN,Shorts,511,No,4500.0
Levi's,10093,511™ Slim Fit All Seasons Tech Men's Jeans ,blue,Men,APP MEN,Jeans,511,Slim,6255.0
Levi's,10094,511™ Slim Fit Hemmed Mens Shorts ,green,Men,APP MEN,Shorts,511,No,4500.0
Levi's,10095,511™ Slim Fit Levi’s® Flex Men's Jeans ,blue,Men,APP MEN,Jeans,511,Slim,6255.0
Levi's,10096,511™ Slim Fit Levi’s® Flex Men's Jeans ,black,Men,APP MEN,Jeans,511,Slim,6255.0
Levi's,10097,511™ Slim Fit Levi’s® Flex Men's Jeans ,black,Men,APP MEN,Jeans,511,Slim,6255.0
Levi's,10098,511™ Slim Fit Levi’s® Flex Men's Jeans ,black,Men,APP MEN,Jeans,511,Slim,7155.0
Levi's,10099,511™ Slim Fit Levi’s® Flex Men's Jeans ,black,Men,APP MEN,Jeans,511,Slim,7155.0
Levi's,10100,511™ Slim Fit Levi’s® Flex Men's Jeans ,black,Men,APP MEN,Jeans,511,Slim,8055.0
Levi's,10101,511™ Slim Fit Medium 10 in. Mens Shorts ,yellow,Men,APP MEN,Shorts,511,No,4500.0
Levi's,10102,511™ Slim Fit Men's Jeans ,black,Men,APP MEN,Jeans,511,Slim,13320.0
Levi's,10103,511™ Slim Fit Men's Jeans ,black,Men,APP MEN,Jeans,511,Slim,15120.0
Levi's,10104,511™ Slim Fit Men's Jeans ,black,Men,APP MEN,Jeans,511,Slim,16920.0
Levi's,10105,511™ Slim Fit Men's Jeans ,black,Men,APP MEN,Jeans,511,Slim,6255.0
Levi's,10106,511™ Slim Fit Men's Jeans ,black,Men,APP MEN,Jeans,511,Slim,6255.0
Levi's,10107,511™ Slim Fit Men's Jeans ,black,Men,APP MEN,Jeans,511,Slim,6255.0
Levi's,10108,511™ Slim Fit Men's Jeans ,blue,Men,APP MEN,Jeans,511,Slim,6255.0
Levi's,10109,511™ Slim Fit Men's Jeans ,blue,Men,APP MEN,Jeans,511,Slim,6705.0
Levi's,10110,511™ Slim Fit Men's Jeans ,blue,Men,APP MEN,Jeans,511,Slim,7155.0
Levi's,10111,511™ Slim Fit Men's Jeans ,blue,Men,APP MEN,Jeans,511,Slim,7155.0
Levi's,10112,511™ Slim Fit Men's Pants ,blue,Men,APP MEN,Pants,511,No,8055.0
Levi's,10113,511™ Slim Fit Men's Pants ,red,Men,APP MEN,Pants,511,No,8055.0
Levi's,10114,511™ Slim Fit Pants ,black,Men,APP MEN,Pants,511,No,6255.0
Levi's,10115,512™ Slim Taper Fit Levi's® Flex Men's Jeans ,blue,Men,APP MEN,Jeans,512,Slim,6255.0
Levi's,10116,512™ Slim Taper Fit Levi’s® Flex Men's Jeans ,blue,Men,APP MEN,Jeans,512,Slim,6255.0
Levi's,10117,512™ Slim Taper Fit Levi’s® Flex Men's Jeans ,blue,Men,APP MEN,Jeans,512,Slim,8055.0
Levi's,10118,512™ Slim Taper Fit Levi’s® Flex Men's Jeans ,black,Men,APP MEN,Jeans,512,Slim,8820.0
Levi's,10119,512™ Slim Taper Fit Men's Jeans ,black,Men,APP MEN,Jeans,512,Slim,15120.0
Levi's,10120,512™ Slim Taper Fit Men's Jeans ,black,Men,APP MEN,Jeans,512,Slim,6255.0
Levi's,10121,512™ Slim Taper Fit Men's Jeans ,black,Men,APP MEN,Jeans,512,Slim,6255.0
Levi's,10122,512™ Slim Taper Fit Men's Jeans ,black,Men,APP MEN,Jeans,512,Slim,6255.0
Levi's,10123,512™ Slim Taper Fit Men's Jeans ,blue,Men,APP MEN,Jeans,512,Slim,6255.0
Levi's,10124,512™ Slim Taper Fit Men's Jeans ,blue,Men,APP MEN,Jeans,512,Slim,8820.0
Levi's,10125,512™ Slim Taper Fit Men's Jeans ,blue,Men,APP MEN,Jeans,512,Slim,8820.0
Levi's,10126,512™ Slim Taper Men's Jeans ,blue,Men,APP MEN,Jeans,512,Slim,13320.0
Levi's,10127,513™ Slim Straight Jeans ,blue,Men,APP MEN,Jeans,513,Slim,6255.0
Levi's,10128,513™ Slim Straight Men's Jeans ,blue,Men,APP MEN,Jeans,513,Slim,5355.0
Levi's,10129,513™ Slim Straight Men's Jeans ,black,Men,APP MEN,Jeans,513,Slim,6255.0
Levi's,10130,513™ Slim Straight Men's Jeans ,black,Men,APP MEN,Jeans,513,Slim,6255.0
Levi's,10131,514™ Straight Fit Levi’s® Flex Men's Jeans ,black,Men,APP MEN,Jeans,514,Straight,6255.0
Levi's,10132,514™ Straight Fit Levi’s® Flex Men's Jeans ,black,Men,APP MEN,Jeans,514,Straight,8055.0
Levi's,10133,514™ Straight Fit Levi’s® Flex Men's Jeans ,black,Men,APP MEN,Jeans,514,Straight,8820.0
Levi's,10134,514™ Straight Fit Levi’s® Flex Men’s Jeans ,black,Men,APP MEN,Jeans,514,Straight,6255.0
Levi's,10135,514™ Straight Fit Men's Jeans ,black,Men,APP MEN,Jeans,514,Straight,5355.0
Levi's,10136,514™ Straight Fit Men's Jeans ,black,Men,APP MEN,Jeans,514,Straight,6255.0
Levi's,10137,514™ Straight Fit Men's Jeans ,black,Men,APP MEN,Jeans,514,Straight,6255.0
Levi's,10138,514™ Straight Fit Men's Jeans ,black,Men,APP MEN,Jeans,514,Straight,6255.0
Levi's,10139,514™ Straight Fit Men's Jeans ,black,Men,APP MEN,Jeans,514,Straight,6255.0
Levi's,10140,514™ Straight Fit Men's Jeans ,black,Men,APP MEN,Jeans,514,Straight,6255.0
Levi's,10141,514™ Straight Fit Men's Jeans ,black,Men,APP MEN,Jeans,514,Straight,6255.0
Levi's,10142,514™ Straight Fit Men's Jeans ,black,Men,APP MEN,Jeans,514,Straight,6255.0
Levi's,10143,514™ Straight Fit Men's Jeans ,black,Men,APP MEN,Jeans,514,Straight,8055.0
Levi's,10144,527™ Slim Boot Cut Levi’s® Flex Men's Jeans ,black,Men,APP MEN,Jeans,527,Slim,6255.0
Levi's,10145,527™ Slim Boot Cut Levi’s® Flex Men's Jeans ,black,Men,APP MEN,Jeans,527,Slim,6255.0
Levi's,10146,527™ Slim Boot Cut Men's Jeans ,black,Men,APP MEN,Jeans,527,Slim,6255.0
Levi's,10147,531™ Athletic Slim Levi's® Flex Fit Men's Jeans ,black,Men,APP MEN,Jeans,531,Tapered,6255.0
Levi's,10148,531™ Athletic Slim Levi’s® Flex Men's Jeans ,black,Men,APP MEN,Jeans,531,Tapered,6255.0
Levi's,10149,531™ Athletic Slim Levi’s® Flex Men's Jeans ,black,Men,APP MEN,Jeans,531,Tapered,6255.0
Levi's,10150,541™ Athletic Taper 11 in. Mens Shorts ,pink,Men,APP MEN,Shorts,541,No,6255.0
Levi's,10151,541™ Athletic Taper Fit Levi’s® Flex Men's Jeans ,black,Men,APP MEN,Jeans,541,Tapered,8820.0
Levi's,10152,541™ Athletic Taper Fit Tencel Men's Pants ,white,Men,APP MEN,Pants,541,No,6255.0
Levi's,10153,541™ Athletic Taper Levi’s® Flex Men's Jeans ,blue,Men,APP MEN,Jeans,541,Tapered,6255.0
Levi's,10154,541™ Athletic Taper Levi’s® Flex Men's Jeans ,blue,Men,APP MEN,Jeans,541,Tapered,8055.0
Levi's,10155,541™ Athletic Taper Men's Jeans ,blue,Men,APP MEN,Jeans,541,Tapered,6255.0
Levi's,10156,541™ Athletic Taper Men's Jeans ,blue,Men,APP MEN,Jeans,541,Tapered,6255.0
Levi's,10157,541™ Athletic Taper Men's Jeans ,blue,Men,APP MEN,Jeans,541,Tapered,7155.0
Levi's,10158,541™ Athletic Taper Men's Jeans ,blue,Men,APP MEN,Jeans,541,Tapered,8055.0
Levi's,10159,541™ Athletic Taper Men's Jeans (Big & Tall) ,blue,Men,APP MEN,Jeans,541,Tapered,6255.0
Levi's,10160,541™ Athletic Taper Men's Jeans (Big & Tall) ,blue,Men,APP MEN,Jeans,541,Tapered,7155.0
Levi's,10161,541™ Athletic Taper Men's Jeans (Big & Tall) ,blue,Men,APP MEN,Jeans,541,Tapered,7155.0
Levi's,10162,541™ Athletic Taper Shorts ,green,Men,APP MEN,Shorts,541,No,4500.0
Levi's,10163,541™ Taper Fit Levi’s® Flex Men's Jeans (Big & Tall) ,blue,Men,APP MEN,Jeans,541,Tapered,7155.0
Levi's,10164,550™ Relaxed Fit Men's Jeans ,blue,Men,APP MEN,Jeans,550,Relaxed,5355.0
Levi's,10165,550™ Relaxed Fit Men's Jeans (Big & Tall) ,blue,Men,APP MEN,Jeans,550,Relaxed,6255.0
Levi's,10166,551™ Z Authentic Straight Men's Jeans ,blue,Men,APP MEN,Jeans,551,Relaxed,8820.0
Levi's,10167,559™ Relaxed Straight Men's Jeans ,blue,Men,APP MEN,Jeans,559,Relaxed,5355.0
Levi's,10168,559™ Relaxed Straight Men's Jeans ,blue,Men,APP MEN,Jeans,559,Relaxed,6255.0
Levi's,10169,559™ Relaxed Straight Men's Jeans (Big & Tall) ,black,Men,APP MEN,Jeans,559,Relaxed,6255.0
Levi's,10170,559™ Relaxed Straight Men's Jeans (Big & Tall) ,grey,Men,APP MEN,Jeans,559,Relaxed,6255.0
Levi's,10171,560™ Comfort Fit Men's Jeans (Big & Tall) ,grey,Men,APP MEN,Jeans,560,Comfort,6255.0
Levi's,10172,569™ Loose Straight Fit Men's Jeans ,grey,Men,APP MEN,Jeans,569,Loose,5355.0
Levi's,10004,1950's Hoodie ,yellow,Men,APP MEN,Sweats,1950,No,17550.0
Levi's,10005,1950's Sportswear T-Shirt ,blue,Men,APP MEN,T-Shirt,1950,No,8550.0
Levi's,10006,1950's Sportswear Tee Shirt ,red,Men,APP MEN,T-Shirt,1950,No,7920.0
Levi's,10010,1960's Spike Pants ,black,Men,APP MEN,Pants,1960,No,17820.0
Levi's,10011,1960's Striped Tee Shirt ,pink,Men,APP MEN,T-Shirt,1960,No,8820.0
Levi's,10012,1961 Type III 557 Trucker Jacket ,white,Men,APP MEN,Jackets,1961,No,25020.0
Levi's,10015,1969 606® Men's Jeans ,grey,Men,APP MEN,Jeans,1969,Vintage,18450.0
Levi's,10016,1970's 519 Corduroy Pants ,green,Men,APP MEN,Pants,1970,No,17820.0
Levi's,10017,1980's Longsleeve Crewneck Sweatshirt ,yellow,Men,APP MEN,Shirts,1980,No,10350.0
Levi's,10018,1980's Longsleeve Tee Shirt ,blue,Men,APP MEN,T-Shirt,1980,No,16650.0
Levi's,10194,Carrier Cargo 11.25 in. Mens Shorts (Big & Tall) ,red,Men,APP MEN,Shorts,Carrier Cargo,No,5400.0
Levi's,10195,Carrier Cargo 11.25 in. Mens Shorts (Big & Tall) ,black,Men,APP MEN,Shorts,Carrier Cargo,No,6255.0
Levi's,10196,Carrier Cargo 9.5 in. Mens Shorts ,pink,Men,APP MEN,Shorts,Carrier Cargo,No,4500.0
Levi's,10197,Carrier Cargo Camo 9.5 in. Mens Shorts ,white,Men,APP MEN,Shorts,Carrier Cargo,No,4500.0
Levi's,10198,Carrier Cargo Shorts ,green,Men,APP MEN,Shorts,Carrier Cargo,No,4500.0
Levi's,10201,Classic Graphic T-Shirt ,yellow,Men,APP MEN,T-Shirt,Classic,No,2205.0
Levi's,10202,Classic Graphic T-Shirt ,blue,Men,APP MEN,T-Shirt,Classic,No,2205.0
Levi's,10203,Classic Graphic T-Shirt ,red,Men,APP MEN,T-Shirt,Classic,No,2205.0
Levi's,10204,Classic One Pocket Shirt ,black,Men,APP MEN,Shirts,Classic,No,11520.0
Levi's,10205,Classic One Pocket Shirt ,pink,Men,APP MEN,Shirts,Classic,No,5355.0
Levi's,10206,Classic One Pocket Short Sleeve Tee Shirt ,white,Men,APP MEN,T-Shirt,Classic,No,4455.0
Levi's,10207,Classic One Pocket Short Sleeve Tee Shirt ,green,Men,APP MEN,T-Shirt,Classic,No,4455.0
Levi's,10208,Classic One Pocket Short Sleeve Tee Shirt ,yellow,Men,APP MEN,T-Shirt,Classic,No,4455.0
Levi's,10209,Classic One Pocket Short Sleeve Tee Shirt ,blue,Men,APP MEN,T-Shirt,Classic,No,4455.0
Levi's,10210,Classic One Pocket Tee Shirt ,red,Men,APP MEN,T-Shirt,Classic,No,4455.0
Levi's,10211,Classic Plaid One Pocket Shirt ,black,Men,APP MEN,Shirts,Classic,No,5355.0
Levi's,10212,Classic Pocket Tee ,pink,Men,APP MEN,T-Shirt,Classic,No,2205.0
Levi's,10213,Classic Pocket Tee Shirt ,white,Men,APP MEN,T-Shirt,Classic,No,2205.0
Levi's,10214,Classic Pocket Tee Shirt ,green,Men,APP MEN,T-Shirt,Classic,No,5355.0
Levi's,10215,Classic Tee ,yellow,Men,APP MEN,T-Shirt,Classic,No,2205.0
Levi's,10216,Classic Western Shirt ,blue,Men,APP MEN,Shirts,Classic,No,5355.0
Levi's,10217,Classic Western Shirt (Big) ,red,Men,APP MEN,Shirts,Classic,No,6255.0
Levi's,10218,Classic Western Shirt (Big) ,black,Men,APP MEN,Shirts,Classic,No,6255.0
Levi's,10219,Classic Western Standard Shirt ,pink,Men,APP MEN,Shirts,Classic,No,5355.0
Levi's,10220,Classic Worker Overshirt ,white,Men,APP MEN,Shirts,Classic,No,6255.0
Levi's,10232,Cubano Shirt ,green,Men,APP MEN,Shirts,Cubano,No,5355.0
Levi's,10233,Cubano Shirt ,yellow,Men,APP MEN,Shirts,Cubano,No,5355.0
Levi's,10234,Cubano Shirt ,blue,Men,APP MEN,Shirts,Cubano,No,5355.0
Levi's,10235,Cubano Shirt ,red,Men,APP MEN,Shirts,Cubano,No,5355.0
Levi's,10236,Cubano Shirt ,black,Men,APP MEN,Shirts,Cubano,No,5805.0
Levi's,10241,Graphic Crewneck Tee Shirt ,pink,Men,APP MEN,T-Shirt,Graphic,No,2205.0
Levi's,10242,Graphic Crewneck Tee Shirt ,white,Men,APP MEN,T-Shirt,Graphic,No,2205.0
Levi's,10243,Graphic Crewneck Tee Shirt ,green,Men,APP MEN,T-Shirt,Graphic,No,2205.0
Levi's,10244,Graphic Crewneck Tee Shirt ,yellow,Men,APP MEN,T-Shirt,Graphic,No,2205.0
Levi's,10245,Graphic Crewneck Tee Shirt ,blue,Men,APP MEN,T-Shirt,Graphic,No,2205.0
Levi's,10246,Graphic Crewneck Tee Shirt ,red,Men,APP MEN,T-Shirt,Graphic,No,2205.0
Levi's,10247,Graphic Crewneck Tee Shirt ,black,Men,APP MEN,T-Shirt,Graphic,No,2205.0
Levi's,10248,Graphic Crewneck Tee Shirt ,pink,Men,APP MEN,T-Shirt,Graphic,No,2205.0
Levi's,10249,Graphic Crewneck Tee Shirt ,white,Men,APP MEN,T-Shirt,Graphic,No,2205.0
Levi's,10250,Graphic Crewneck Tee Shirt ,green,Men,APP MEN,T-Shirt,Graphic,No,2205.0
Levi's,10251,Graphic Crewneck Tee Shirt ,yellow,Men,APP MEN,T-Shirt,Graphic,No,2205.0
Levi's,10252,Graphic Crewneck Tee Shirt ,blue,Men,APP MEN,T-Shirt,Graphic,No,2205.0
Levi's,10253,Graphic Crewneck Tee Shirt ,red,Men,APP MEN,T-Shirt,Graphic,No,2250.0
Levi's,10254,Graphic Hoodie ,black,Men,APP MEN,Sweats,Graphic,No,5355.0
Levi's,10255,Graphic Hoodie ,pink,Men,APP MEN,Sweats,Graphic,No,5355.0
Levi's,10256,Graphic Longsleeve Tee ,white,Men,APP MEN,T-Shirt,Graphic,No,2655.0
Levi's,10257,Graphic Mockneck Tee Shirt ,green,Men,APP MEN,T-Shirt,Graphic,No,2655.0
Levi's,10258,Graphic Pullover Hoodie ,yellow,Men,APP MEN,Sweats,Graphic,No,5355.0
Levi's,10259,Graphic Pullover Hoodie ,blue,Men,APP MEN,Sweats,Graphic,No,6255.0
Levi's,10260,Graphic Pullover Hoodie ,red,Men,APP MEN,Sweats,Graphic,No,6255.0
Levi's,10261,Graphic Pullover Hoodie ,black,Men,APP MEN,Sweats,Graphic,No,6255.0
Levi's,10262,Graphic Pullover Hoodie ,pink,Men,APP MEN,Sweats,Graphic,No,6255.0
Levi's,10263,Graphic Set-In Shirt ,white,Men,APP MEN,Shirts,Graphic,No,2205.0
Levi's,10264,Graphic Tee Shirt ,green,Men,APP MEN,T-Shirt,Graphic,No,10350.0
Levi's,10265,Graphic Tee Shirt ,yellow,Men,APP MEN,T-Shirt,Graphic,No,10350.0
Levi's,10266,Graphic Tee Shirt ,blue,Men,APP MEN,T-Shirt,Graphic,No,10350.0
Levi's,10267,Graphic Tee Shirt ,red,Men,APP MEN,T-Shirt,Graphic,No,2205.0
Levi's,10268,Graphic Tee Shirt ,black,Men,APP MEN,T-Shirt,Graphic,No,8820.0
Levi's,10269,Graphic Zip Up Hoodie ,pink,Men,APP MEN,Sweats,Graphic,No,5355.0
Levi's,10283,Jackson Worker Overshirt ,white,Men,APP MEN,Shirts,Jackson,No,7155.0
Levi's,10284,Jackson Worker Overshirt ,green,Men,APP MEN,Shirts,Jackson,No,7155.0
Levi's,10285,Jackson Worker Overshirt ,yellow,Men,APP MEN,Shirts,Jackson,No,7155.0
Levi's,10286,Jackson Worker Overshirt ,blue,Men,APP MEN,Shirts,Jackson,No,7155.0
Levi's,10287,Jackson Worker Overshirt ,red,Men,APP MEN,Shirts,Jackson,No,7155.0
Levi's,10288,Jackson Worker Overshirt ,black,Men,APP MEN,Shirts,Jackson,No,7155.0
Levi's,10289,Jackson Worker Overshirt ,pink,Men,APP MEN,Shirts,Jackson,No,7155.0
Levi's,10290,Jackson Worker Overshirt ,white,Men,APP MEN,Shirts,Jackson,No,7155.0
Levi's,10292,LEGO Group x Levi's® Longsleeve Relaxed Graphic Tee Shirt ,green,Men,APP MEN,T-Shirt,LEGO,No,3150.0
Levi's,10293,LEGO Group x Levi's® Relaxed Crewneck Sweatshirt ,yellow,Men,APP MEN,Shirts,LEGO,No,7155.0
Levi's,10294,LEGO Group x Levi's® Relaxed Crewneck Sweatshirt ,blue,Men,APP MEN,Shirts,LEGO,No,7155.0
Levi's,10295,LEGO Group x Levi's® Relaxed Fit Tee Shirt ,red,Men,APP MEN,T-Shirt,LEGO,No,2700.0
Levi's,10296,LEGO Group x Levi's® Relaxed Fit Tee Shirt ,black,Men,APP MEN,T-Shirt,LEGO,No,2700.0
Levi's,10297,LEGO Group x Levi's® Relaxed Fit Tee Shirt ,pink,Men,APP MEN,T-Shirt,LEGO,No,2700.0
Levi's,10298,LEGO Group x Levi's® Vintage Fit Trucker Jacket ,white,Men,APP MEN,Jackets,LEGO,No,13320.0
Levi's,10300,Levi's® Chest Logo Polo Shirt ,green,Men,APP MEN,Shirts,Levi's,No,3105.0
Levi's,10301,Levi's® Chest Logo Polo Shirt ,yellow,Men,APP MEN,Shirts,Levi's,No,3105.0
Levi's,10302,Levi's® Chest Logo Polo Shirt ,blue,Men,APP MEN,Shirts,Levi's,No,3555.0
Levi's,10303,Levi's® Chest Logo Polo Shirt ,red,Men,APP MEN,Shirts,Levi's,No,3555.0
Levi's,10304,Levi's® Classic XX Chino 9.5 in. Mens Shorts ,black,Men,APP MEN,Shorts,Levi's,No,5355.0
Levi's,10306,Levi's® Engineered Jeans™ 570™ Baggy Taper Jeans ,grey,Men,APP MEN,Jeans,Levi's,Engineered,8820.0
Levi's,10307,Levi's® Engineered Jeans™ Trucker Jacket ,grey,Men,APP MEN,Jeans,Levi's,Engineered,10620.0
Levi's,10308,Levi's® Logo Classic T-Shirt ,green,Men,APP MEN,T-Shirt,Levi's,No,2205.0
Levi's,10309,Levi's® Logo Classic Tee Shirt ,yellow,Men,APP MEN,T-Shirt,Levi's,No,2205.0
Levi's,10310,Levi's® Logo Classic Tee Shirt ,blue,Men,APP MEN,T-Shirt,Levi's,No,2655.0
Levi's,10311,Levi's® Logo Graphic Tee Shirt ,red,Men,APP MEN,T-Shirt,Levi's,No,2205.0
Levi's,10312,Levi's® Logo Graphic Tee Shirt ,black,Men,APP MEN,T-Shirt,Levi's,No,2205.0
Levi's,10313,Levi's® Logo Graphic Tee Shirt ,grey,Men,APP MEN,T-Shirt,Levi's,No,2655.0
Levi's,10314,Levi's® Logo New York Tee ,grey,Men,APP MEN,T-Shirt,Levi's,No,2205.0
Levi's,10315,Levi's® Logo Polo Shirt ,green,Men,APP MEN,Shirts,Levi's,No,3555.0
Levi's,10316,Levi's® Logo Pullover Hoodie ,yellow,Men,APP MEN,Sweats,Levi's,No,6255.0
Levi's,10317,Levi's® Logo Zip Hoodie (Big) ,blue,Men,APP MEN,Sweats,Levi's,No,6255.0
Levi's,10319,Levi's® Pride Community Cropped Tee Shirt ,red,Men,APP MEN,T-Shirt,Levi's,No,2655.0
Levi's,10320,Levi's® Pride Community Graphic Tee Shirt ,black,Men,APP MEN,T-Shirt,Levi's,No,2655.0
Levi's,10321,Levi's® Pride Community Graphic Tee Shirt ,grey,Men,APP MEN,T-Shirt,Levi's,No,2655.0
Levi's,10322,Levi's® Pride Community Graphic Tee Shirt ,grey,Men,APP MEN,T-Shirt,Levi's,No,2655.0
Levi's,10323,Levi's® Pride Oversized Trucker Jacket ,green,Men,APP MEN,Jackets,Levi's,No,10620.0
Levi's,10325,Levi's® Pride Trucker Jacket ,yellow,Men,APP MEN,Jackets,Levi's,No,10620.0
Levi's,10326,Levi's® Script Zip Up Hoodie ,blue,Men,APP MEN,Sweats,Levi's,No,4905.0
Levi's,10330,Levi's® WellThread® Graphic Tee Shirt ,red,Men,APP MEN,T-Shirt,Levi's,No,3600.0
Levi's,10331,Levi's® WellThread® Hoodie ,black,Men,APP MEN,Sweats,Levi's,No,8820.0
Levi's,10332,Levi's® WellThread® Trucker Jacket ,grey,Men,APP MEN,Jackets,Levi's,No,17820.0
Levi's,10334,Levi's® x AWAKE Trucker Jacket ,grey,Men,APP MEN,Jackets,Levi's,No,44550.0
Levi's,10337,Levi's® x Disney Bomber Jacket ,green,Men,APP MEN,Jackets,Levi's,No,11520.0
Levi's,10338,Levi's® x Disney Crewneck Sweatshirt ,yellow,Men,APP MEN,Shirts,Levi's,No,7155.0
Levi's,10339,Levi's® x Disney Goofy Longsleeve T-Shirt ,blue,Men,APP MEN,T-Shirt,Levi's,No,4005.0
Levi's,10340,Levi's® x Disney Hoodie ,red,Men,APP MEN,Sweats,Levi's,No,7605.0
Levi's,10341,Levi's® x Disney Mickey and Minnie T-Shirt ,black,Men,APP MEN,T-Shirt,Levi's,No,3555.0
Levi's,10342,Levi's® x Disney Mickey T-Shirt ,grey,Men,APP MEN,T-Shirt,Levi's,No,3555.0
Levi's,10343,Levi's® x Disney Padded Trucker Jacket ,grey,Men,APP MEN,Jackets,Levi's,No,13320.0
Levi's,10344,Levi's® x Disney T-Shirt ,green,Men,APP MEN,T-Shirt,Levi's,No,3555.0
Levi's,10345,Levi's® x Disney Trucker Jacket ,yellow,Men,APP MEN,Jackets,Levi's,No,10620.0
Levi's,10346,Levi's® x Heron Preston Trucker Jacket ,blue,Men,APP MEN,Jackets,Levi's,No,35820.0
Levi's,10347,Levi's® x Justin Timberlake Varsity Trucker Jacket ,red,Men,APP MEN,Jackets,Levi's,No,34200.0
Levi's,10348,Levi's® x Peanuts Football Tee Shirt ,black,Men,APP MEN,T-Shirt,Levi's,No,3600.0
Levi's,10177,At Work Trucker Jacket ,grey,Men,APP MEN,Jackets,No,No,10620.0
Levi's,10178,Authentic Crewneck Tee Shirt ,grey,Men,APP MEN,T-Shirt,No,No,2655.0
Levi's,10179,Authentic Logo Crewneck Sweatshirt ,green,Men,APP MEN,Shirts,No,No,5355.0
Levi's,10180,Baker Bomber Jacket (Tall) ,yellow,Men,APP MEN,Jackets,No,No,6705.0
Levi's,10181,Barstow Overshirt ,blue,Men,APP MEN,Shirts,No,No,7155.0
Levi's,10182,Barstow Western Shirt ,red,Men,APP MEN,Shirts,No,No,6255.0
Levi's,10183,Barstow Western Shirt ,black,Men,APP MEN,Shirts,No,No,6255.0
Levi's,10184,Barstow Western Shirt ,grey,Men,APP MEN,Shirts,No,No,6255.0
Levi's,10185,Bay Meadows Sweatshirt ,grey,Men,APP MEN,Shirts,No,No,14850.0
Levi's,10186,Bay Meadows Sweatshirt ,green,Men,APP MEN,Shirts,No,No,14850.0
Levi's,10187,Bay Meadows Sweatshirt ,yellow,Men,APP MEN,Shirts,No,No,14850.0
Levi's,10188,Bay Meadows Sweatshirt ,blue,Men,APP MEN,Shirts,No,No,14850.0
Levi's,10189,Bedford Shirt ,red,Men,APP MEN,Shirts,No,No,17550.0
Levi's,10190,Boxed Hoodie ,black,Men,APP MEN,Sweats,No,No,11520.0
Levi's,10191,Boxtab Graphic Tee ,grey,Men,APP MEN,T-Shirt,No,No,2205.0
Levi's,10192,Boxtab New York Tee ,grey,Men,APP MEN,T-Shirt,No,No,2205.0
Levi's,10193,Cali Bear Graphic Tee Shirt ,green,Men,APP MEN,T-Shirt,No,No,2205.0
Levi's,10200,Chest Boxtab Logo Tee Shirt ,yellow,Men,APP MEN,T-Shirt,No,No,2655.0
Levi's,10221,Climbing Pants ,blue,Men,APP MEN,Pants,No,No,20520.0
Levi's,10222,Coaches Jacket ,red,Men,APP MEN,Jackets,No,No,44550.0
Levi's,10223,Colorblock Corduroy Trucker Jacket ,black,Men,APP MEN,Jackets,No,No,10620.0
Levi's,10224,Colorblock Tee Shirt ,grey,Men,APP MEN,T-Shirt,No,No,6255.0
Levi's,10225,Corduroy Barstow Western Slim Shirt ,grey,Men,APP MEN,Shirts,No,No,6255.0
Levi's,10226,Corduroy Sherpa Trucker Jacket ,green,Men,APP MEN,Jackets,No,No,11520.0
Levi's,10227,Corduroy Shirt ,yellow,Men,APP MEN,Shirts,No,No,17550.0
Levi's,10228,Cottonized Hemp Stay Loose Trucker Jacket ,blue,Men,APP MEN,Jackets,No,No,10620.0
Levi's,10229,Cottonized Hemp Vintage Fit Trucker Jacket ,red,Men,APP MEN,Jackets,No,No,8820.0
Levi's,10230,Crewneck Sweatshirt ,black,Men,APP MEN,Shirts,No,No,4455.0
Levi's,10231,Crochet Stitch Polo Shirt ,grey,Men,APP MEN,Shirts,No,No,11520.0
Levi's,10237,Denim Family Shirt ,grey,Men,APP MEN,Shirts,No,No,17820.0
Levi's,10238,Desert Scape Graphic Tee Shirt ,green,Men,APP MEN,T-Shirt,No,No,2205.0
Levi's,10239,Draft Taper Men's Jeans ,grey,Men,APP MEN,Jeans,No,Tapered,20520.0
Levi's,10240,Fillmore Short Puffer Jacket ,blue,Men,APP MEN,Jackets,No,No,17820.0
Levi's,10271,Hayes Oversized Overshirt ,red,Men,APP MEN,Shirts,No,No,8820.0
Levi's,10272,Headlands Tactical Jacket ,black,Men,APP MEN,Jackets,No,No,15120.0
Levi's,10273,Hi-Ball Roll Camo Pants ,grey,Men,APP MEN,Pants,No,No,8055.0
Levi's,10274,Hi-Ball Roll Men's Jeans ,grey,Men,APP MEN,Jeans,No,Vintage,8055.0
Levi's,10275,Hooded Hybrid Sherpa Trucker Jacket ,green,Men,APP MEN,Jackets,No,No,13320.0
Levi's,10276,Housemark Graphic Tee ,grey,Men,APP MEN,T-Shirt,No,No,2205.0
Levi's,10277,Housemark Graphic Tee Shirt ,blue,Men,APP MEN,T-Shirt,No,No,2205.0
Levi's,10278,Housemark Polo Shirt ,red,Men,APP MEN,Shirts,No,No,3105.0
Levi's,10279,Housemark Polo Shirt ,black,Men,APP MEN,Shirts,No,No,3105.0
Levi's,10282,Iconic Original Trucker Jacket ,grey,Men,APP MEN,Jackets,No,No,8820.0
Levi's,10548,70's High Flare Jeans ,black,Women,APP WMN,Jeans,70,Flare,11246.0
Levi's,10551,70's High Flare Jeans ,black,Women,APP WMN,Jeans,70,Flare,11246.0
Levi's,10547,70's High Straight Jeans ,black,Women,APP WMN,Jeans,70,Straight,11246.0
Levi's,10554,70's High Straight Jeans ,black,Women,APP WMN,Jeans,70,Straight,11246.0
Levi's,10472,310™ Shaping Super Skinny Jeans ,black,Women,APP WMN,Jeans,310,Skinny,8096.0
Levi's,10473,310™ Shaping Super Skinny Jeans ,black,Women,APP WMN,Jeans,310,Skinny,8096.0
Levi's,10474,310™ Shaping Super Skinny Jeans ,blue ,Women,APP WMN,Jeans,310,Skinny,8096.0
Levi's,10481,310™ Shaping Super Skinny Jeans ,blue ,Women,APP WMN,Jeans,310,Skinny,8096.0
Levi's,10459,311™ Shaping Skinny Jeans ,blue ,Women,APP WMN,Jeans,311,Skinny,7196.0
Levi's,10460,311™ Shaping Skinny Jeans ,blue ,Women,APP WMN,Jeans,311,Skinny,7196.0
Levi's,10469,311™ Shaping Skinny Jeans ,blue ,Women,APP WMN,Jeans,311,Skinny,8096.0
Levi's,10471,311™ Shaping Skinny Jeans ,blue ,Women,APP WMN,Jeans,311,Skinny,8096.0
Levi's,10476,311™ Shaping Skinny Jeans ,blue ,Women,APP WMN,Jeans,311,Skinny,8096.0
Levi's,10477,311™ Shaping Skinny Jeans ,blue ,Women,APP WMN,Jeans,311,Skinny,8096.0
Levi's,10482,311™ Shaping Skinny Jeans ,blue ,Women,APP WMN,Jeans,311,Skinny,8096.0
Levi's,10483,311™ Shaping Skinny Jeans ,black,Women,APP WMN,Jeans,311,Skinny,8096.0
Levi's,10485,311™ Shaping Skinny Jeans ,black,Women,APP WMN,Jeans,311,Skinny,8096.0
Levi's,10467,312™ Shaping Slim Jeans ,black,Women,APP WMN,Jeans,312,Slim,8096.0
Levi's,10470,312™ Shaping Slim Jeans ,blue,Women,APP WMN,Jeans,312,Slim,8096.0
Levi's,10479,312™ Shaping Slim Jeans ,blue,Women,APP WMN,Jeans,312,Slim,8096.0
Levi's,10484,312™ Shaping Slim Jeans ,blue,Women,APP WMN,Jeans,312,Slim,8096.0
Levi's,10468,314™ Shaping Straight Jeans ,blue,Women,APP WMN,Jeans,314,Straight,8096.0
Levi's,10475,314™ Shaping Straight Jeans ,blue,Women,APP WMN,Jeans,314,Straight,8096.0
Levi's,10478,314™ Shaping Straight Jeans ,blue,Women,APP WMN,Jeans,314,Straight,8096.0
Levi's,10480,314™ Shaping Straight Jeans ,blue,Women,APP WMN,Jeans,314,Straight,8096.0
Levi's,10465,315™ Shaping Bootcut Jeans ,black,Women,APP WMN,Jeans,315,Bootcut,8096.0
Levi's,10466,315™ Shaping Bootcut Jeans ,black,Women,APP WMN,Jeans,315,Bootcut,8096.0
Levi's,10514,501® Levi's® Crop Jeans ,black,Women,APP WMN,Jeans,501,Crop,9896.0
Levi's,10515,501® Levi's® Crop Jeans ,grey,Women,APP WMN,Jeans,501,Crop,9896.0
Levi's,10522,501® Levi's® Crop Jeans ,blue,Women,APP WMN,Jeans,501,Crop,9896.0
Levi's,10523,501® Levi's® Crop Jeans ,blue,Women,APP WMN,Jeans,501,Crop,9896.0
Levi's,10525,501® Levi's® Crop Jeans ,blue,Women,APP WMN,Jeans,501,Crop,10796.0
Levi's,10538,501® Levi's® Crop Jeans ,blue,Women,APP WMN,Jeans,501,Crop,10796.0
Levi's,10541,501® Levi's® Crop Jeans ,blue,Women,APP WMN,Jeans,501,Crop,10796.0
Levi's,10570,501® Levi's® Crop Jeans ,blue,Women,APP WMN,Jeans,501,Crop,12596.0
Levi's,10516,501® Levi's® Crop Jeans (Plus) ,blue,Women,APP WMN,Jeans,501,Crop,9896.0
Levi's,10530,501® Levi's® Crop Jeans (Plus) ,blue,Women,APP WMN,Jeans,501,Crop,10796.0
Levi's,10511,711™ Skinny Jeans ,blue,Women,APP WMN,Jeans,711,Skinny,8996.0
Levi's,10493,720™ High Rise Super Skinny Jeans ,blue,Women,APP WMN,Jeans,720,Skinny,8996.0
Levi's,10498,720™ High Rise Super Skinny Jeans ,blue,Women,APP WMN,Jeans,720,Skinny,8996.0
Levi's,10528,720™ High Rise Super Skinny Jeans ,blue,Women,APP WMN,Jeans,720,Skinny,10796.0
Levi's,10534,720™ High Rise Super Skinny Jeans ,blue,Women,APP WMN,Jeans,720,Skinny,10796.0
Levi's,10535,720™ High Rise Super Skinny Jeans ,blue,Women,APP WMN,Jeans,720,Skinny,10796.0
Levi's,10492,720™ High Rise Super Skinny Jeans (Plus) ,blue,Women,APP WMN,Jeans,720,Skinny,8996.0
Levi's,10495,720™ High Rise Super Skinny Jeans (Plus) ,blue,Women,APP WMN,Jeans,720,Skinny,8996.0
Levi's,10536,720™ High Rise Super Skinny Jeans (Plus) ,blue,Women,APP WMN,Jeans,720,Skinny,10796.0
Levi's,10497,721™ High Rise Skinny Jeans ,blue,Women,APP WMN,Jeans,721,Skinny,8996.0
Levi's,10499,721™ High Rise Skinny Jeans ,blue,Women,APP WMN,Jeans,721,Skinny,8996.0
Levi's,10500,721™ High Rise Skinny Jeans ,blue,Women,APP WMN,Jeans,721,Skinny,8996.0
Levi's,10533,721™ High Rise Skinny Jeans ,blue,Women,APP WMN,Jeans,721,Skinny,10796.0
Levi's,10545,721™ High Rise Skinny Jeans ,blue,Women,APP WMN,Jeans,721,Skinny,10796.0
Levi's,10501,721™ High Rise Skinny Jeans - Exposed Buttons ,blue,Women,APP WMN,Jeans,721,Skinny,8996.0
Levi's,10512,721™ High Rise Skinny Jeans - Exposed Buttons ,blue,Women,APP WMN,Jeans,721,Skinny,8996.0
Levi's,10494,721™ High Rise Skinny Jeans (Plus) ,blue,Women,APP WMN,Jeans,721,Skinny,8996.0
Levi's,10503,721™ High Rise Skinny Jeans (Plus) ,blue,Women,APP WMN,Jeans,721,Skinny,8996.0
Levi's,10504,721™ High Rise Skinny Jeans (Plus) ,blue,Women,APP WMN,Jeans,721,Skinny,8996.0
Levi's,10531,724™ High Rise Straight Jeans ,grey,Women,APP WMN,Jeans,724,Straight,10796.0
Levi's,10507,724™ High Rise Straight Jeans (Plus) ,grey,Women,APP WMN,Jeans,724,Straight,8996.0
Levi's,10508,724™ High Rise Straight Jeans (Plus) ,grey,Women,APP WMN,Jeans,724,Straight,8996.0
Levi's,10540,724™ High Rise Straight Jeans (Plus) ,grey,Women,APP WMN,Jeans,724,Straight,10796.0
Levi's,10526,725™ High Rise Bootcut Jeans ,grey,Women,APP WMN,Jeans,725,Bootcut,10796.0
Levi's,10537,725™ High Rise Bootcut Jeans ,blue,Women,APP WMN,Jeans,725,Bootcut,10796.0
Levi's,10509,725™ High Rise Bootcut Jeans (Plus) ,blue,Women,APP WMN,Jeans,725,Bootcut,8996.0
Levi's,10539,725™ High Rise Bootcut Jeans (Plus) ,blue,Women,APP WMN,Jeans,725,Bootcut,10796.0
Levi's,10441,Diana Graphic Sweatshirt ,grey,Women,APP WMN,Sweats,Diana,No,6746.0
Levi's,10440,Diana Sweatshirt ,grey,Women,APP WMN,Sweats,Diana,No,6746.0
Levi's,10455,Essential Western Shirt (Plus) ,grey,Women,APP WMN,Shirts,Essential,No,7196.0
Levi's,10564,Ex-Boyfriend Sherpa Trucker Jacket ,grey,Women,APP WMN,Jackets,Ex-Boyfriend,No,12596.0
Levi's,10565,Ex-Boyfriend Sherpa Trucker Jacket (Plus) ,blue,Women,APP WMN,Jackets,Ex-Boyfriend,No,12596.0
Levi's,10559,Ex-Boyfriend Trucker Jacket ,blue,Women,APP WMN,Jackets,Ex-Boyfriend,No,11696.0
Levi's,10417,Hadley Blouse ,blue,Women,APP WMN,Shirts,Hadley,No,6296.0
Levi's,10420,Hadley Blouse ,grey,Women,APP WMN,Shirts,Hadley,No,6296.0
Levi's,10415,Hollywood High Waisted Taper ,blue,Women,APP WMN,Jeans,Hollywood,Tapered,6296.0
Levi's,10422,Hollywood High Waisted Taper ,blue,Women,APP WMN,Jeans,Hollywood,Tapered,6296.0
Levi's,10532,Levi's Jumpsuit ,grey,Women,APP WMN,Jumpsuit,Levi's,No,10796.0
Levi's,10546,Levi's Jumpsuit (Plus) ,blue,Women,APP WMN,Jumpsuit,Levi's,No,10796.0
Levi's,10576,Levi's® Made & Crafted® Pleated Column Jeans ,blue,Women,APP WMN,Jeans,Levi's,Straight,14396.0
Levi's,10542,Levi's® Made & Crafted® Relaxed Shirt ,blue,Women,APP WMN,Shirts,Levi's,No,10796.0
Levi's,10543,Levi's® Made & Crafted® Relaxed Shirt ,grey,Women,APP WMN,Shirts,Levi's,No,10796.0
Levi's,10496,Levi's® Made & Crafted® Riptide Sweatshirt ,blue,Women,APP WMN,Sweats,Levi's,No,8996.0
Levi's,10510,Levi's® Made & Crafted® Riptide Sweatshirt ,blue,Women,APP WMN,Sweats,Levi's,No,8996.0
Levi's,10571,Levi's® Made & Crafted® Sunray Trucker Jacket ,grey,Women,APP WMN,Jackets,Levi's,No,13496.0
Levi's,10568,Levi's® Made & Crafted® The Barrel Jeans ,blue,Women,APP WMN,Jeans,Levi's,Straight,12596.0
Levi's,10569,Levi's® Made & Crafted® The Barrel Jeans ,grey,Women,APP WMN,Jeans,Levi's,Straight,12596.0
Levi's,10563,Levi's® Made & Crafted® The Column Jeans ,grey,Women,APP WMN,Jeans,Levi's,Straight,12596.0
Levi's,10567,Levi's® Made & Crafted® The Column Jeans ,grey,Women,APP WMN,Jeans,Levi's,Straight,12596.0
Levi's,10575,Levi's® Made & Crafted® Type II Trucker Jacket ,blue,Women,APP WMN,Jackets,Levi's,No,13496.0
Levi's,10392,Levi's® Made & Crafted® Wave Tee ,blue,Women,APP WMN,T-Shirt,Levi's,No,3596.0
Levi's,10393,Levi's® Made & Crafted® Wave Tee ,grey,Women,APP WMN,T-Shirt,Levi's,No,3596.0
Levi's,10442,Levi's® Red Tab™ Hoodie ,blue,Women,APP WMN,Sweats,Levi's,No,6746.0
Levi's,10443,Levi's® Red Tab™ Hoodie ,grey,Women,APP WMN,Sweats,Levi's,No,6746.0
Levi's,10444,Levi's® Red Tab™ Hoodie ,grey,Women,APP WMN,Sweats,Levi's,No,6746.0
Levi's,10447,Levi's® Red Tab™ Hoodie ,grey,Women,APP WMN,Sweats,Levi's,No,6746.0
Levi's,10448,Levi's® Red Tab™ Hoodie ,blue,Women,APP WMN,Sweats,Levi's,No,6746.0
Levi's,10400,Levi's® Red Tab™ Sweatpants ,blue,Women,APP WMN,Pants,Levi's,No,5396.0
Levi's,10401,Levi's® Red Tab™ Sweatpants ,grey,Women,APP WMN,Pants,Levi's,No,5396.0
Levi's,10402,Levi's® Red Tab™ Sweatpants ,blue,Women,APP WMN,Pants,Levi's,No,5396.0
Levi's,10403,Levi's® Red Tab™ Sweatpants ,grey,Women,APP WMN,Pants,Levi's,No,5396.0
Levi's,10405,Levi's® Red Tab™ Sweatpants ,grey,Women,APP WMN,Pants,Levi's,No,5396.0
Levi's,10423,Levi's® Standard Sweatshirt ,grey,Women,APP WMN,Sweats,Levi's,No,6296.0
Levi's,10429,Levi's® Standard Sweatshirt ,blue,Women,APP WMN,Sweats,Levi's,No,6296.0
Levi's,10434,Levi's® Standard Sweatshirt ,blue,Women,APP WMN,Sweats,Levi's,No,6296.0
Levi's,10398,Levi's® Sweatpants ,grey,Women,APP WMN,Pants,Levi's,No,5396.0
Levi's,10404,Levi's® Sweatpants ,blue,Women,APP WMN,Pants,Levi's,No,5396.0
Levi's,10406,Levi's® Sweatpants ,grey,Women,APP WMN,Pants,Levi's,No,5396.0
Levi's,10407,Levi's® Sweatpants ,grey,Women,APP WMN,Pants,Levi's,No,5396.0
Levi's,10573,Levi’s® X New Balance® Women's Reversible Trucker Jacket ,grey,Women,APP WMN,Jackets,Levi's,No,13496.0
Levi's,10513,Aida Parka ,blue,Women,APP WMN,Jackets,No,No,9896.0
Levi's,10572,Alexa Blazer ,blue,Women,APP WMN,Blazer,No,No,13496.0
Levi's,10389,Baby Tee ,grey,Women,APP WMN,T-Shirt,No,No,3596.0
Levi's,10391,Baby Tee (Plus) ,blue,Women,APP WMN,T-Shirt,No,No,3596.0
Levi's,10519,Blair Wrap Dress ,grey,Women,APP WMN,Dresses,No,No,9896.0
Levi's,10412,Crew Rib Sweater ,grey,Women,APP WMN,Sweats,No,No,6296.0
Levi's,10424,Crew Rib Sweater ,grey,Women,APP WMN,Sweats,No,No,6296.0
Levi's,10426,Crew Rib Sweater ,blue,Women,APP WMN,Sweats,No,No,6296.0
Levi's,10431,Crew Rib Sweater ,blue,Women,APP WMN,Sweats,No,No,6296.0
Levi's,10409,Deconstructed Skirt (Plus) ,grey,Women,APP WMN,Skirts,No,No,5846.0
Levi's,10456,Frannie Sweatshirt ,blue,Women,APP WMN,Sweats,No,No,7196.0
Levi's,10464,Gillian Mockneck ,grey,Women,APP WMN,Top,No,No,7196.0
Levi's,10355,Heavyweight Right On Tee ,grey,Women,APP WMN,T-Shirt,No,No,2246.0
Levi's,10356,Heavyweight Right On Tee ,grey,Women,APP WMN,T-Shirt,No,No,2246.0
Levi's,10362,Heavyweight Right On Tee ,blue,Women,APP WMN,T-Shirt,No,No,2246.0
Levi's,10558,High Loose Jeans ,grey,Women,APP WMN,Jeans,No,Loose,11246.0
Levi's,10562,High Loose Jeans ,grey,Women,APP WMN,Jeans,No,Loose,12146.0
Levi's,10553,High Loose Taper ,grey,Women,APP WMN,Jeans,No,Tapered,11246.0
Levi's,10550,High Loose Taper Jeans ,blue,Women,APP WMN,Jeans,No,Tapered,11246.0
Levi's,10552,High Loose Taper Jeans ,blue,Women,APP WMN,Jeans,No,Tapered,11246.0
Levi's,10414,High-Waisted Taper ,blue,Women,APP WMN,Jeans,No,Tapered,6296.0
Levi's,10463,Isla Dress ,blue,Women,APP WMN,Dresses,No,No,7196.0
Levi's,10399,Laney Button Down Shirt ,grey,Women,APP WMN,Shirts,No,No,5396.0
Levi's,10452,Lilith Blouse ,grey,Women,APP WMN,Shirts,No,No,7196.0
Levi's,10557,Loose Cargo ,blue,Women,APP WMN,Jeans,No,Straight,11246.0
Levi's,10549,Loose Straight Jeans ,blue,Women,APP WMN,Jeans,No,Straight,11246.0
Levi's,10555,Loose Straight Jeans ,blue,Women,APP WMN,Jeans,No,Straight,11246.0
Levi's,10556,Loose Straight Jeans ,blue,Women,APP WMN,Jeans,No,Straight,11246.0
Levi's,10521,Loose Utility Trucker Jacket ,blue,Women,APP WMN,Jackets,No,No,9896.0
Levi's,10520,Marion Dress ,grey,Women,APP WMN,Dresses,No,No,9896.0
Levi's,10449,Melrose Slouchy Crew ,grey,Women,APP WMN,Top,No,No,6746.0
Levi's,10439,Melrose Slouchy Top ,blue,Women,APP WMN,Top,No,No,6746.0
Levi's,10450,Melrose Slouchy Top ,blue,Women,APP WMN,Top,No,No,6746.0
Levi's,10518,Miko Trench ,blue,Women,APP WMN,Coat,No,No,9896.0
Levi's,10502,Mile High Ankle Skinny Jeans ,blue,Women,APP WMN,Jeans,No,Skinny,8996.0
Levi's,10491,Mile High Super Skinny Jeans ,blue,Women,APP WMN,Jeans,No,Skinny,8996.0
Levi's,10527,Mile High Super Skinny Jeans ,blue,Women,APP WMN,Jeans,No,Skinny,10796.0
Levi's,10529,Mile High Super Skinny Jeans ,blue,Women,APP WMN,Jeans,No,Skinny,10796.0
Levi's,10505,Mile High Super Skinny Jeans (Plus) ,blue,Women,APP WMN,Jeans,No,Skinny,8996.0
Levi's,10574,New Heritage Sherpa Trucker Jacket ,blue,Women,APP WMN,Jackets,No,No,13496.0
Levi's,10561,New Heritage Trucker Jacket ,blue,Women,APP WMN,Jackets,No,No,11696.0
Levi's,10388,Rib Bodysuit ,blue,Women,APP WMN,Bodysuit,No,No,3596.0
Levi's,10390,Rib Bodysuit ,blue,Women,APP WMN,Bodysuit,No,No,3596.0
Levi's,10418,Rib Sweater ,blue,Women,APP WMN,Sweats,No,No,6296.0
Levi's,10517,Ribcage Straight Ankle Jeans ,blue,Women,APP WMN,Jeans,No,Straight,9896.0
Levi's,10524,Ribcage Straight Ankle Jeans ,blue,Women,APP WMN,Jeans,No,Straight,10796.0
Levi's,10544,Ribcage Straight Ankle Jeans ,grey,Women,APP WMN,Jeans,No,Straight,10796.0
Levi's,10384,Rickie Graphic Tee ,blue,Women,APP WMN,T-Shirt,No,No,3146.0
Levi's,10385,Rickie Graphic Tee ,blue,Women,APP WMN,T-Shirt,No,No,3146.0
Levi's,10453,Rider Hoodie ,blue,Women,APP WMN,Sweats,No,No,7196.0
Levi's,10394,Secondskin Mockneck ,blue,Women,APP WMN,Top,No,No,4046.0
Levi's,10395,Secondskin Mockneck ,blue,Women,APP WMN,Top,No,No,4046.0
Levi's,10410,Standard Crew Fleece ,blue,Women,APP WMN,Jackets,No,No,5846.0
Levi's,10408,Standard Fleece ,grey,Women,APP WMN,Jackets,No,No,5846.0
Levi's,10396,Standard Graphic Fleece ,blue,Women,APP WMN,Jackets,No,No,4496.0
Levi's,10413,Standard Graphic Fleece ,blue,Women,APP WMN,Jackets,No,No,6296.0
Levi's,10430,Standard Graphic Fleece ,blue,Women,APP WMN,Jackets,No,No,6296.0
Levi's,10435,Standard Graphic Fleece ,blue,Women,APP WMN,Jackets,No,No,6296.0
Levi's,10438,Standard Graphic Hoodie ,blue,Women,APP WMN,Sweats,No,No,6746.0
Levi's,10445,Standard Graphic Hoodie ,blue,Women,APP WMN,Sweats,No,No,6746.0
Levi's,10397,Standard Graphic Tee ,grey,Women,APP WMN,T-Shirt,No,No,4496.0
Levi's,10437,Standard Graphic Tee ,blue,Women,APP WMN,T-Shirt,No,No,6296.0
Levi's,10411,Standard Hoodie ,blue,Women,APP WMN,Sweats,No,No,6296.0
Levi's,10454,Standard Sweatshirt ,blue,Women,APP WMN,Sweats,No,No,7196.0
Levi's,10458,Standard Sweatshirt ,blue,Women,APP WMN,Sweats,No,No,7196.0
Levi's,10489,Tailor High Loose Taper ,grey,Women,APP WMN,Jeans,No,Tapered,8996.0
Levi's,10506,Tailor High Loose Taper ,grey,Women,APP WMN,Jeans,No,Tapered,8996.0
Levi's,10436,The Classic Shirt ,grey,Women,APP WMN,Shirts,No,No,6296.0
Levi's,10352,The Perfect Tee ,blue,Women,APP WMN,T-Shirt,No,No,2246.0
Levi's,10353,The Perfect Tee ,blue,Women,APP WMN,T-Shirt,No,No,2246.0
Levi's,10354,The Perfect Tee ,blue,Women,APP WMN,T-Shirt,No,No,2246.0
Levi's,10360,The Perfect Tee ,blue,Women,APP WMN,T-Shirt,No,No,2246.0
Levi's,10361,The Perfect Tee ,grey,Women,APP WMN,T-Shirt,No,No,2246.0
Levi's,10364,The Perfect Tee ,grey,Women,APP WMN,T-Shirt,No,No,2696.0
Levi's,10365,The Perfect Tee ,grey,Women,APP WMN,T-Shirt,No,No,2696.0
Levi's,10366,The Perfect Tee ,blue,Women,APP WMN,T-Shirt,No,No,2696.0
Levi's,10367,The Perfect Tee ,blue,Women,APP WMN,T-Shirt,No,No,2696.0
Levi's,10368,The Perfect Tee ,blue,Women,APP WMN,T-Shirt,No,No,2696.0
Levi's,10371,The Perfect Tee ,blue,Women,APP WMN,T-Shirt,No,No,2696.0
Levi's,10372,The Perfect Tee ,grey,Women,APP WMN,T-Shirt,No,No,2696.0
Levi's,10373,The Perfect Tee ,grey,Women,APP WMN,T-Shirt,No,No,2696.0
Levi's,10375,The Perfect Tee ,grey,Women,APP WMN,T-Shirt,No,No,2696.0
Levi's,10376,The Perfect Tee ,blue,Women,APP WMN,T-Shirt,No,No,2696.0
Levi's,10377,The Perfect Tee ,blue,Women,APP WMN,T-Shirt,No,No,2696.0
Levi's,10380,The Perfect Tee ,blue,Women,APP WMN,T-Shirt,No,No,2696.0
Levi's,10369,The Perfect Tee (Plus) ,blue,Women,APP WMN,T-Shirt,No,No,2696.0
Levi's,10370,The Perfect Tee (Plus) ,grey,Women,APP WMN,T-Shirt,No,No,2696.0
Levi's,10566,The Sherpa Trucker Jacket ,grey,Women,APP WMN,Jackets,No,No,12596.0
Levi's,10560,The Tailored Trucker Jacket ,grey,Women,APP WMN,Jackets,No,No,11696.0
Levi's,10416,Utility Mile High Ankle Jeans ,grey,Women,APP WMN,Jeans,No,Straight,6296.0
Levi's,10427,Utility Mile High Ankle Jeans ,grey,Women,APP WMN,Jeans,No,Straight,6296.0
Levi's,10451,Utility Shirt ,blue,Women,APP WMN,Shirts,No,No,7196.0
Levi's,10462,Utility Shirt ,blue,Women,APP WMN,Shirts,No,No,7196.0
Levi's,10374,Varsity Graphic Tee ,grey,Women,APP WMN,T-Shirt,No,No,2696.0
Levi's,10378,Varsity Graphic Tee ,grey,Women,APP WMN,T-Shirt,No,No,2696.0
Levi's,10379,Varsity Graphic Tee ,grey,Women,APP WMN,T-Shirt,No,No,2696.0
Levi's,10382,Varsity Graphic Tee ,grey,Women,APP WMN,T-Shirt,No,No,3146.0
Levi's,10383,Varsity Graphic Tee ,grey,Women,APP WMN,T-Shirt,No,No,3146.0
Levi's,10457,Zoey Pleat Utility Shirt ,blue,Women,APP WMN,Shirts,No,No,7196.0
Levi's,10425,Vintage Raglan Fleece ,blue,Women,APP WMN,Jackets,Vintage,No,6296.0
Levi's,10486,Silverwood Shoes ,grey,Women,FTW WMN,Boots,No,No,8096.0
Levi's,10487,Silverwood Shoes ,grey,Women,FTW WMN,Boots,No,No,8096.0
Levi's,10488,Silverwood Sneakers,grey,Men,FTW MEN,Sneakers,No,No,8096.0
Levi's,10489,Silverwood Sneakers,grey,Men,FTW MEN,Sneakers,No,No,8096.0
G-Star RAW,D03605-K027-2990,Effo long beanie,black,Men,ACCs,Beanie,Effo,No,2590.0
G-Star RAW,D03650-3127-8543,Cart belt,black,Men,ACCs,Belt,No,No,4290.0
G-Star RAW,D07159-3128-8131,Rikku logo pin belt,black,Men,ACCs,Belt,No,No,5090.0
G-Star RAW,D08374-3128-8543,Estan belt,black,Men,ACCs,Belt,Estan,No,4290.0
G-Star RAW,D08468-8920-6484,Obaruh snapback cap,black,Men,ACCs,Cap,No,No,2590.0
G-Star RAW,D09161-A230-8673,Avernus baseball cap ao,black,Men,ACCs,Baseball cap,No,No,3390.0
G-Star RAW,D10029-9909-9872,Barran duffle bag big,black,Men,ACCs,Travel bag,No,No,9290.0
G-Star RAW,D09168-9983-990,Caisa backpack wmn,black,Women,ACCs,Backpack,Caisa,No,7590.0
G-Star RAW,D10034-A310-1736,Doeka scarf ao,black,Women,ACCs,Scarf,No,No,3390.0
G-Star RAW,D03605-K027-990,Effo long beanie,black,Men,ACCs,Beanie,Effo,No,2590.0
G-Star RAW,D04169-3127-406,Zed Belt,black,Men,ACCs,Belt,Zed,No,3390.0
G-Star RAW,D10745-4426-990,Wyddo beanie,black,Men,ACCs,Beanie,Wyddo,No,2990.0
G-Star RAW,D06838-3127-8129,Dorala pin belt wmn,black,Women,ACCs,Belt,Dorala,No,3390.0
G-Star RAW,D06838-3127-9465,Dorala pin belt wmn,black,Women,ACCs,Belt,Dorala,No,3390.0
G-Star RAW,D09582-A151-6484,Venetio beanie wmn,black,Women,ACCs,Beanie,Venetio,No,3390.0
G-Star RAW,D09583-A410-990,Luza hat wmn,black,Women,ACCs,Hat,Luza,No,3390.0
G-Star RAW,D09160-9951-6484,Vaan beanie,black,Men,ACCs,Beanie,Vaan,No,2190.0
G-Star RAW,D11370-6620-A001,Originals effo scarf,black,Men,ACCs,Accessories,UOTF,No,4290.0
G-Star RAW,D01979-7999-2727,Zioks webbing belt,blue,Men,ACCs,Belt,No,No,3390.0
G-Star RAW,D08468-8920-6067,Obaruh snapback cap,blue,Men,ACCs,Cap,No,No,2590.0
G-Star RAW,D10031-A308-9442,Vaan baseball cap ao,blue,Men,ACCs,Baseball cap,No,No,3390.0
G-Star RAW,D09160-9951-1855,Vaan beanie,blue,Men,ACCs,Beanie,Vaan,No,2190.0
G-Star RAW,D11370-6620-A007,Originals effo scarf,blue,Men,ACCs,Accessories,UOTF,No,4290.0
G-Star RAW,D09582-A151-3383,Venetio beanie wmn,beige,Women,ACCs,Beanie,Venetio,No,3390.0
G-Star RAW,D10752-2340-3383,Khoma gloves wmn,beige,Women,ACCs,Gloves,Khoma,No,5990.0
G-Star RAW,D10752-2340-5666,Khoma gloves wmn,red,Women,ACCs,Gloves,Khoma,No,5990.0
G-Star RAW,D09075-9953-7396,Cart trucker cap ao,green,Men,ACCs,Cap,No,No,2990.0
G-Star RAW,D09157-9909-2688,Vaan backpack,green,Men,ACCs,Backpack,No,No,8490.0
G-Star RAW,D10026-9751-1471,Caisa small wallet wmn,green,Women,ACCs,Wallet,Caisa,No,3390.0
G-Star RAW,D09615-A230-9608,Avernus baseball cap ao,green,Men,ACCs,Baseball cap,Avernus,No,3390.0
G-Star RAW,D09618-A225-9608,Effo long beanie ao,green,Men,ACCs,Beanie,Effo,No,2590.0
G-Star RAW,D09785-A245-9608,Estan detachable backpack ao,green,Men,ACCs,Backpack,Estan,No,9290.0
G-Star RAW,D09610-A221-9608,Cart scarf ao,green,Men,ACCs,Scarf,Cart,No,5090.0
G-Star RAW,D09681-9620-906,Cart beanie,grey,Men,ACCs,Beanie,Cart,No,2190.0
G-Star RAW,D05174-7999-941,Xemy webbing belt,beige,Men,ACCs,Belt,No,No,3390.0
G-Star RAW,D10395-A151-1359,Venetio beanie wmn,red,Women,ACCs,Beanie,Venetio,No,3390.0
G-Star RAW,D11357-A151-1359,Venetio scarf wmn,red,Women,ACCs,Accessories,Venetio,No,5990.0
G-Star RAW,D03188-6620-9988,Dorala scarf wmn,red,Women,ACCs,Accessories,Dorala,No,3390.0
G-Star RAW,D09681-9620-3360,Cart beanie,beige,Men,ACCs,Beanie,Cart,No,2190.0
G-Star RAW,D03605-K027-6485,Effo long beanie,red,Men,ACCs,Beanie,Effo,No,2590.0
G-Star RAW,D09681-9620-6532,Cart beanie,red,Men,ACCs,Beanie,Cart,No,2190.0
G-Star RAW,D03605-K027-9700,Effo long beanie,red,Men,ACCs,Beanie,Effo,No,2590.0
G-Star RAW,D10395-A151-9700,Venetio beanie wmn,red,Women,ACCs,Beanie,Venetio,No,3390.0
G-Star RAW,D11357-A151-9700,Venetio scarf wmn,red,Women,ACCs,Accessories,Venetio,No,5990.0
G-Star RAW,D09172-A332-9434,Mozoe tote bag ao wmn,white,Women,ACCs,Bag,No,No,7590.0
G-Star RAW,D10025-A332-9434,Caisa backpack ao wmn,white,Women,ACCs,Backpack,Caisa,No,8490.0
G-Star RAW,D10033-A309-9434,Doeka scarf ao,white,Women,ACCs,Scarf,No,No,3390.0
G-Star RAW,D11296-A433-3036,Core hdd sw l/s,black,Men,APP MEN,Sweats,UOTF,No,7890.0
G-Star RAW,D08979-9040-8673,Motac-X dc 3d relaxed cropped,black,Men,APP MEN,Pants,Motac,No,13290.0
G-Star RAW,D10019-A327-8673,Rovic 3d straight tapered,black,Men,APP MEN,Pants,Rovic,No,10990.0
G-Star RAW,D08997-9288-6484,Rackam army bomber,black,Men,APP MEN,Jackets,Rackam,No,18790.0
G-Star RAW,D08999-9040-8673,Motac-X bomber,black,Men,APP MEN,Jackets,Motac,No,17990.0
G-Star RAW,D10063-9172-6484,Type C utility pm overshirt,black,Men,APP MEN,Overshirts,Type C,No,11790.0
G-Star RAW,D09472-A113-6384,Bristum utility clean service shirt s/s,black,Men,APP MEN,Shirts,Bristum,No,7090.0
G-Star RAW,D04457-1141-390,Dill r t l/s,black,Men,APP MEN,T-Shirt,No,No,3190.0
G-Star RAW,D08503-1141-390,Drillon r t s/s,black,Men,APP MEN,T-Shirt,No,No,2790.0
G-Star RAW,D08510-2757-390,Cadulor r t s/s,black,Men,APP MEN,T-Shirt,No,No,2390.0
G-Star RAW,D08936-336-6484,Tairi r t s/s,black,Men,APP MEN,T-Shirt,No,No,2790.0
G-Star RAW,D08938-4561-6484,Motac-X r t l/s,black,Men,APP MEN,T-Shirt,Motac,No,5490.0
G-Star RAW,D08940-336-6484,Tahire r t s/s,black,Men,APP MEN,T-Shirt,No,No,2790.0
G-Star RAW,D10133-A268-8673,Tertil r t s/s,black,Men,APP MEN,T-Shirt,Tertil,No,3190.0
G-Star RAW,D10981-336-6484,07 r t s/s,black,Men,APP MEN,T-Shirt,GP,No,2390.0
G-Star RAW,D11119-A666-8673,Jirgi tiger ao zip t l/s,black,Men,APP MEN,T-Shirt,No,No,6290.0
G-Star RAW,D08475-9842-7293,Doax  hooded sw l/s,black,Men,APP MEN,Sweats,Doax,No,6690.0
G-Star RAW,D08476-9842-7293,Doax hooded zip thru sw l/s,black,Men,APP MEN,Sweats,Doax,No,7490.0
G-Star RAW,D08478-9842-7293,Loaq hooded sw l/s,black,Men,APP MEN,Sweats,No,No,7090.0
G-Star RAW,D08894-9900-8673,Tertil stalt dc r sw l/s,black,Men,APP MEN,Sweats,Tertil,No,7090.0
G-Star RAW,D02190-5126-6484,Rovic zip 3d straight tapered,black,Men,APP MEN,Pants,Rovic,Straight Tapered,7890.0
G-Star RAW,D09767-5126-6484,Rackam straight tapered cuffed,black,Men,APP MEN,Pants,Rackam,Straight Tapered,10990.0
G-Star RAW,D09628-A581-6484,Garber trench,black,Men,APP MEN,Jackets,Garber,No,15690.0
G-Star RAW,D09635-A133-6484,Whistler padded hdd parka PL,black,Men,APP MEN,Jackets,Whistler,No,31290.0
G-Star RAW,D09654-A516-6484,Whistler strett sherpa hdd parka,black,Men,APP MEN,Jackets,Whistler,No,21090.0
G-Star RAW,D09658-A579-6484,Deline quilted jkt PL,black,Men,APP MEN,Jackets,Deline,No,22690.0
G-Star RAW,D09781-A674-6484,Whistler quilted hdd bomber,black,Men,APP MEN,Jackets,Whistler,No,15690.0
G-Star RAW,D10698-A674-6484,Whistler padded hdd parka,black,Men,APP MEN,Jackets,Whistler,No,19590.0
G-Star RAW,D09647-A569-6484,`,black,Men,APP MEN,Overshirts,Whistler,No,14890.0
G-Star RAW,D10692-9740-6484,Vodan worker overshirt,black,Men,APP MEN,Overshirts,Vodan,No,11790.0
G-Star RAW,D10783-7845-6484,Deline track overshirt,black,Men,APP MEN,Overshirts,Deline,No,12490.0
G-Star RAW,D10140-7647-6484,3301 shirt l/s,black,Men,APP MEN,Shirts,3301,No,7890.0
G-Star RAW,D08504-2757-390,Loaq r t s/s,black,Men,APP MEN,T-Shirt,Loaq,No,2390.0
G-Star RAW,D09825-A268-A092,Sverre r t s/s,black,Men,APP MEN,T-Shirt,Sverre,No,3190.0
G-Star RAW,D09846-9685-6484,Starkon r t l/s,black,Men,APP MEN,T-Shirt,Starkon,No,3990.0
G-Star RAW,D11689-336-6484,Tairi r t s/s,black,Men,APP MEN,T-Shirt,Tairi,No,2790.0
G-Star RAW,D09797-A611-6484,Strett dc hdd zip thru sw l/s,black,Men,APP MEN,Sweats,Strett,No,8590.0
G-Star RAW,D11697-A836-A092,Sverre core r sw l/s,black,Men,APP MEN,Sweats,Sverre,No,7090.0
G-Star RAW,D11698-A611-7293,Halgen core hooded sw l/s,black,Men,APP MEN,Sweats,Halgen,No,7090.0
G-Star RAW,D11699-A611-8530,Halgen core r sw l/s,black,Men,APP MEN,Sweats,Halgen,No,6290.0
G-Star RAW,D09553-6299-7271,Jayvi r knit l/s,black,Men,APP MEN,Knits,Jayvi,No,7090.0
G-Star RAW,D09554-8403-6484,Suzaki moto r knit l/s,black,Men,APP MEN,Knits,Suzaki,No,8590.0
G-Star RAW,D10290-A426-6484,Suzaki classic jkt,black,Men,APP MEN,(P)leather jackets,Suzaki,No,31290.0
G-Star RAW,D10267-9993-6484,Motac DC zip l/s,black,Men,APP MEN,T-Shirt,Motac,No,5490.0
G-Star RAW,D10296-4561-6484,Starkon granddad r t l/s,black,Men,APP MEN,T-Shirt,Starkon,No,4690.0
G-Star RAW,D12128-A629-5929,Cyrer eclips loose r t s/s,black,Men,APP MEN,T-Shirt,Jaden Smith,No,7090.0
G-Star RAW,D10366-A433-6484,Togrul stor r sw l/s ,black,Men,APP MEN,Sweats,UOTF,No,6290.0
G-Star RAW,D03896-8403-6484,Powel zip through knit l/s,black,Men,APP MEN,Knits,Powel,No,9390.0
G-Star RAW,D12130-A630-5929 ,CYRER  HDD SW L/S (MEN) ,black,Men,APP MEN,Sweats,Jaden Smith,No,
G-Star RAW,D12134-A926-082,Spiraq RFTP patches eclips 3D slim,black,Men,APP MEN,Jeans,Jaden Smith,Slim,
G-Star RAW,D09781-A674-976,Whistler quilted hdd bomber,black,Men,APP MEN,Jackets,Whistler,No,15690.0
G-Star RAW,D09111-7647-724,Bristum shirt l/s,black,Men,APP MEN,Shirts,Bristum,No,7090.0
G-Star RAW,D10124-7647-724,H-A utility straight shirt s/s,black,Men,APP MEN,Shirts,No,No,7890.0
G-Star RAW,D10981-336-724,07 r t s/s,black,Men,APP MEN,T-Shirt,GP,No,2390.0
G-Star RAW,D09656-9288-724,Strett sherpa hdd parka,black,Men,APP MEN,Jackets,Strett,No,22690.0
G-Star RAW,D09781-A674-724,Whistler quilted hdd bomber,black,Men,APP MEN,Jackets,Whistler,No,15690.0
G-Star RAW,D10698-A674-724,Whistler padded hdd parka,black,Men,APP MEN,Jackets,Whistler,No,19590.0
G-Star RAW,D10692-9740-724,Vodan worker overshirt,black,Men,APP MEN,Overshirts,Vodan,No,11790.0
G-Star RAW,D10140-7647-724,3301 shirt l/s,black,Men,APP MEN,Shirts,3301,No,7890.0
G-Star RAW,51001-5245-89,3301 Slim,blue,Men,APP MEN,Jeans,3301,Slim,10290.0
G-Star RAW,51001-8968-9112,3301 Slim,blue,Men,APP MEN,Jeans,3301,Slim,10290.0
G-Star RAW,51001-8970-082,3301 Slim,blue,Men,APP MEN,Jeans,3301,Slim,7890.0
G-Star RAW,51001-9136-6415,3301 Slim,blue,Men,APP MEN,Jeans,3301,Slim,10290.0
G-Star RAW,51002-4639-89,3301 Straight,blue,Men,APP MEN,Jeans,3301,Straight,7890.0
G-Star RAW,51002-7899-071,3301 Straight,blue,Men,APP MEN,Jeans,3301,Straight,7890.0
G-Star RAW,51002-8453-4970,3301 Straight,blue,Men,APP MEN,Jeans,3301,Straight,9490.0
G-Star RAW,51003-8595-071,3301 Straight Tapered,blue,Men,APP MEN,Jeans,3301,Straight Tapered,7890.0
G-Star RAW,51003-9299-4970,3301 Straight Tapered,blue,Men,APP MEN,Jeans,3301,Straight Tapered,7890.0
G-Star RAW,51010-6590-89,Revend Skinny,blue,Men,APP MEN,Jeans,Revend,Skinny,7890.0
G-Star RAW,51010-7101-2967,Revend Skinny,blue,Men,APP MEN,Jeans,Revend,Skinny,7890.0
G-Star RAW,51025-9438-9399,5620 3D Slim,blue,Men,APP MEN,Jeans,5620,Slim,10290.0
G-Star RAW,51025-9871-071,5620 3D Slim,blue,Men,APP MEN,Jeans,5620,Slim,11090.0
G-Star RAW,D01517-A315-071,5620 3D Straight Tapered,blue,Men,APP MEN,Jeans,5620,Straight Tapered,10290.0
G-Star RAW,D04148-9438-9399,Lanc 3D Straight Tapered,blue,Men,APP MEN,Jeans,Lanc,Straight Tapered,11090.0
G-Star RAW,D05385-8968-071,D-Staq 3D Skinny,blue,Men,APP MEN,Jeans,D-Staq,Skinny,11890.0
G-Star RAW,D05385-8971-89,D-Staq 3D Skinny,blue,Men,APP MEN,Jeans,D-Staq,Skinny,10290.0
G-Star RAW,D05385-9517-3143,D-Staq 3D Skinny,blue,Men,APP MEN,Jeans,D-Staq,Skinny,13390.0
G-Star RAW,D06760-A315-071,D-Staq 5-pkt Straight Tapered,blue,Men,APP MEN,Jeans,D-Staq,Straight Tapered,10290.0
G-Star RAW,D06761-9871-071,D-Staq 5-pkt Slim,blue,Men,APP MEN,Jeans,D-Staq,Slim,11090.0
G-Star RAW,D09125-9136-1243,D-Staq 5-Pkt Skinny,blue,Men,APP MEN,Jeans,D-Staq,Skinny,11090.0
G-Star RAW,D09129-9920-4974,Arc 3D Relaxed Tapered S ,blue,Men,APP MEN,Jeans,Arc,Relaxed Tapered,11890.0
G-Star RAW,D09129-9920-8970,Arc 3D Relaxed Tapered S ,blue,Men,APP MEN,Jeans,Arc,Relaxed Tapered,12590.0
G-Star RAW,D09129-9920-9390,Arc 3D Relaxed Tapered S ,blue,Men,APP MEN,Jeans,Arc,Relaxed Tapered,12590.0
G-Star RAW,D09132-9299-2965,Arc 3D Relaxed Tapered ,blue,Men,APP MEN,Jeans,Arc,Relaxed Tapered,10290.0
G-Star RAW,D09132-9299-9403,Arc 3D Relaxed Tapered ,blue,Men,APP MEN,Jeans,Arc,Relaxed Tapered,11090.0
G-Star RAW,D10060-9871-071,Arc 3D Slim,blue,Men,APP MEN,Jeans,Arc,Slim,11890.0
G-Star RAW,D00864-7985-2688,5620 3D Slim coj,blue,Men,APP MEN,Color Jeans,5620,Slim,7890.0
G-Star RAW,D07479-9860-1214,D-staq 3D Straight Tapered coj,blue,Men,APP MEN,Color Jeans,D-Staq,Straight Tapered,10190.0
G-Star RAW,D07479-9860-2688,D-staq 3D Straight Tapered coj,blue,Men,APP MEN,Color Jeans,D-Staq,Straight Tapered,10190.0
G-Star RAW,D09159-9487-071,5620 3D Sport Straight Tapered,blue,Men,APP MEN,Pants,5620,No,10190.0
G-Star RAW,D11148-8973-071,3301 Deconstructed Slim JKT,blue,Men,APP MEN,Jackets,3301,No,11790.0
G-Star RAW,D10021-8760-9734,Stor anorak overshirt,blue,Men,APP MEN,Overshirts,No,No,9390.0
G-Star RAW,D10062-8760-9734,Type C utility overshirt,blue,Men,APP MEN,Overshirts,Type C,No,11790.0
G-Star RAW,D09111-7647-6067,Bristum shirt l/s,blue,Men,APP MEN,Shirts,Bristum,No,7090.0
G-Star RAW,D09111-A342-2743,Bristum shirt l/s,blue,Men,APP MEN,Shirts,Bristum,No,7090.0
G-Star RAW,D09117-9997-4970,3301 shirt l/s,blue,Men,APP MEN,Shirts,3301,No,7890.0
G-Star RAW,D10068-A342-2743,Bristum straight shirt s/s,blue,Men,APP MEN,Shirts,Bristum,No,7090.0
G-Star RAW,D04457-1141-6370,Dill r t l/s,blue,Men,APP MEN,T-Shirt,No,No,3190.0
G-Star RAW,D08503-1141-6370,Drillon r t s/s,blue,Men,APP MEN,T-Shirt,No,No,2790.0
G-Star RAW,D08510-2757-2130,Cadulor r t s/s,blue,Men,APP MEN,T-Shirt,No,No,2390.0
G-Star RAW,D08950-8022-2118,Xartto r t s/s,blue,Men,APP MEN,T-Shirt,No,No,3190.0
G-Star RAW,D10986-336-6067,09 r t s/s,blue,Men,APP MEN,T-Shirt,GP,No,3990.0
G-Star RAW,D10986-336-8053,09 r t s/s,blue,Men,APP MEN,T-Shirt,GP,No,3990.0
G-Star RAW,D08475-9842-6370,Doax  hooded sw l/s,blue,Men,APP MEN,Sweats,Doax,No,6690.0
G-Star RAW,D08476-9842-6370,Doax hooded zip thru sw l/s,blue,Men,APP MEN,Sweats,Doax,No,7490.0
G-Star RAW,D08477-9842-2130,Loaq r sw l/s,blue,Men,APP MEN,Sweats,No,No,5890.0
G-Star RAW,D08477-9842-6370,Loaq r sw l/s,blue,Men,APP MEN,Sweats,No,No,5890.0
G-Star RAW,D08478-9842-6370,Loaq hooded sw l/s,blue,Men,APP MEN,Sweats,No,No,7090.0
G-Star RAW,D08885-9899-8390,Hyce stalt dc r sw l/s ,blue,Men,APP MEN,Sweats,No,No,7090.0
G-Star RAW,51002-7209-082,3301 Straight,blue,Men,APP MEN,Jeans,3301,Straight,7890.0
G-Star RAW,51002-9273-6348,3301 Straight,blue,Men,APP MEN,Jeans,3301,Straight,11090.0
G-Star RAW,51010-8970-082,Revend Skinny,blue,Men,APP MEN,Jeans,Revend,Skinny,7890.0
G-Star RAW,51025-9273-9558,5620 3D Slim,blue,Men,APP MEN,Jeans,5620,Slim,11890.0
G-Star RAW,51025-A088-89,5620 3D Slim,blue,Men,APP MEN,Jeans,5620,Slim,10290.0
G-Star RAW,51026-8968-9558,5620 3D Skinny,blue,Men,APP MEN,Jeans,5620,Skinny,10290.0
G-Star RAW,51026-9882-071,5620 3D Skinny,blue,Men,APP MEN,Jeans,5620,Skinny,10290.0
G-Star RAW,D04148-9273-6348,Lanc 3D Straight Tapered,blue,Men,APP MEN,Jeans,Lanc,Straight Tapered,11890.0
G-Star RAW,D05385-6245-001,D-Staq 3D Skinny,blue,Men,APP MEN,Jeans,D-Staq,Skinny,10290.0
G-Star RAW,D05385-8968-9558,D-Staq 3D Skinny,blue,Men,APP MEN,Jeans,D-Staq,Skinny,12590.0
G-Star RAW,D05702-8968-082,3301 Deconstructed Slim,blue,Men,APP MEN,Jeans,3301,Slim,9490.0
G-Star RAW,D06154-8973-9401,Motac Deconstructed 3D Slim,blue,Men,APP MEN,Jeans,Motac,Slim,0.0
G-Star RAW,D06761-8968-9558,D-Staq 5-pkt Slim,blue,Men,APP MEN,Jeans,D-Staq,Slim,11090.0
G-Star RAW,D06761-9882-071,D-Staq 5-pkt Slim,blue,Men,APP MEN,Jeans,D-Staq,Slim,11090.0
G-Star RAW,D09125-8968-9262,D-Staq 5-Pkt Skinny,blue,Men,APP MEN,Jeans,D-Staq,Skinny,10290.0
G-Star RAW,D09550-9785-9589,5620 3D Straight Tapered dj,blue,Men,APP MEN,Jeans,5620,Straight Tapered,14190.0
G-Star RAW,D09559-9409-071,D-Staq 5-pkt Straight,blue,Men,APP MEN,Jeans,D-Staq,Straight,9490.0
G-Star RAW,D09559-A088-89,D-Staq 5-pkt Straight,blue,Men,APP MEN,Jeans,D-Staq,Straight,11090.0
G-Star RAW,D04151-A125-071,3301 Deconstructed Skinny COJ,blue,Men,APP MEN,Color Jeans,3301,Skinny,10990.0
G-Star RAW,D04151-A126-89,3301 Deconstructed Skinny COJ,blue,Men,APP MEN,Color Jeans,3301,Skinny,10990.0
G-Star RAW,D07301-A127-89,D-Staq 5-pkt Slim coj,blue,Men,APP MEN,Color Jeans,D-Staq,Slim,10990.0
G-Star RAW,D10693-A125-071,Rackam Skinny COJ,blue,Men,APP MEN,Color Jeans,Rackam,Skinny,12490.0
G-Star RAW,D10693-A126-89,Rackam Skinny COJ,blue,Men,APP MEN,Color Jeans,Rackam,Skinny,12490.0
G-Star RAW,D01794-5126-4213,Bronson slim chino,blue,Men,APP MEN,Pants,Bronson,Slim,7890.0
G-Star RAW,D02190-5126-4213,Rovic zip 3d straight tapered,blue,Men,APP MEN,Pants,Rovic,Straight Tapered,7890.0
G-Star RAW,D09801-5245-071,Arc 3D Sport Straight Tapered,blue,Men,APP MEN,Pants,Arc,Straight Tapered,9390.0
G-Star RAW,D09801-5245-89,Arc 3D Sport Straight Tapered,blue,Men,APP MEN,Pants,Arc,Straight Tapered,9390.0
G-Star RAW,D05974-7101-89,Garber denim trench,blue,Men,APP MEN,Jackets,Garber,No,19590.0
G-Star RAW,D09644-9409-001,Motac-X moto uni slim JKT,blue,Men,APP MEN,Jackets,Motac-X,Slim,15690.0
G-Star RAW,D09654-A516-6067,Whistler strett sherpa hdd parka,blue,Men,APP MEN,Jackets,Whistler,No,21090.0
G-Star RAW,D09658-A579-6067,Deline quilted jkt PL,blue,Men,APP MEN,Jackets,Deline,No,22690.0
G-Star RAW,D09780-8973-001,Deline mac trench,blue,Men,APP MEN,Jackets,Deline,No,17190.0
G-Star RAW,D09647-A569-6067,Whistler meefic quilted bomber,blue,Men,APP MEN,Overshirts,Whistler,No,14890.0
G-Star RAW,D10140-7647-6067,3301 shirt l/s,blue,Men,APP MEN,Shirts,3301,No,7890.0
G-Star RAW,D10140-A146-9583,3301 shirt l/s,blue,Men,APP MEN,Shirts,3301,No,9390.0
G-Star RAW,D10140-A568-8326,3301 shirt l/s,blue,Men,APP MEN,Shirts,3301,No,9390.0
G-Star RAW,D10140-D013-071,3301 shirt l/s,blue,Men,APP MEN,Shirts,3301,No,6290.0
G-Star RAW,D09844-A269-9006,Bantson core polo s/s,blue,Men,APP MEN,Polos,Bantson,No,5490.0
G-Star RAW,D08504-2757-6370,Loaq r t s/s,blue,Men,APP MEN,T-Shirt,Loaq,No,2390.0
G-Star RAW,D09846-9685-6067,Starkon r t l/s,blue,Men,APP MEN,T-Shirt,Starkon,No,3990.0
G-Star RAW,D11698-A611-2211,Halgen core hooded sw l/s,blue,Men,APP MEN,Sweats,Halgen,No,7090.0
G-Star RAW,D09553-6299-7231,Jayvi r knit l/s,blue,Men,APP MEN,Knits,Jayvi,No,7090.0
G-Star RAW,D09554-8403-6486,Suzaki moto r knit l/s,blue,Men,APP MEN,Knits,Suzaki,No,8590.0
G-Star RAW,D11176-8668-6486,Core r knit l/s,blue,Men,APP MEN,Knits,Core,No,7090.0
G-Star RAW,51003-6590-89,3301 Straight Tapered,blue,Men,APP MEN,Jeans,3301,Straight Tapered,7890.0
G-Star RAW,51003-6553-089,3301 Straight Tapered,blue,Men,APP MEN,Jeans,3301,Straight Tapered,7890.0
G-Star RAW,51003-9118-4970,3301 Straight Tapered,blue,Men,APP MEN,Jeans,3301,Straight Tapered,7890.0
G-Star RAW,D10360-9595-9698,Arc 3D Relaxed Tapered  Denim Journeys,blue,Men,APP MEN,Jeans,Arc,Relaxed Tapered,15790.0
G-Star RAW,D12134-A926-082,Spiraq RFTP patches eclips 3D slim,blue,Men,APP MEN,Jeans,Jaden Smith,Slim,23690.0
G-Star RAW,D10257-A460-A230,Rovic 3d straight tapered,blue,Men,APP MEN,Pants,Rovic,No,9390.0
G-Star RAW,D11386-9785-001,Bronson service straight tapered,blue,Men,APP MEN,Pants,UOTF,No,10190.0
G-Star RAW,D11399-9785-001,Faeroes Classic Straight Tapered,blue,Men,APP MEN,Pants,UOTF,No,10190.0
G-Star RAW,D12480-9785-071,Blake padded jkt,blue,Men,APP MEN,Jackets,UOTF,No,17990.0
G-Star RAW,D12700-9436-071,D-Staq RFTP water 3D dc jkt,blue,Men,APP MEN,Jackets,Jaden Smith,No,27390.0
G-Star RAW,D10264-A460-A230,Vodan army overshirt,blue,Men,APP MEN,Overshirts,Vodan,No,11790.0
G-Star RAW,D10255-A415-9977,3301 slim shirt l/s,blue,Men,APP MEN,Shirts,3301,No,9390.0
G-Star RAW,D10255-A416-9979,3301 slim shirt l/s,blue,Men,APP MEN,Shirts,3301,No,7890.0
G-Star RAW,D10296-4561-6067,Starkon granddad r t l/s,blue,Men,APP MEN,T-Shirt,Starkon,No,4690.0
G-Star RAW,D10798-A629-9839,Cyrer water loose r t s/s,blue,Men,APP MEN,T-Shirt,Jaden Smith,No,7090.0
G-Star RAW,D11388-8415-1855,Graphic 6 regular r t s/s,blue,Men,APP MEN,T-Shirt,UOTF,No,3190.0
G-Star RAW,D12593-A433-1855,Grapic 20 core hooded sw l/s,blue,Men,APP MEN,Sweats,Graphic,No,9390.0
G-Star RAW,D10799-A630-9839,CYRER  HDD SW L/S (MEN),blue,Men,APP MEN,Sweats,Jaden Smith,No,1200.0
G-Star RAW,D10018-8456-082,Lanc straight tapered cuffed,blue,Men,APP MEN,Pants,Lanc,No,7890.0
G-Star RAW,D10179-9998-082,H-A utility straight shirt l/s,blue,Men,APP MEN,Shirts,H-A,Straight,7890.0
G-Star RAW,D12132-A926-082,D-staq RFTP eclips 3D dc jkt,blue,Men,APP MEN,Jackets,Jaden Smith,No,27390.0
G-Star RAW,D11734-9785-082,Service overshirt,blue,Men,APP MEN,Overshirts,UOTF,No,13290.0
G-Star RAW,D10253-8349-082,Bristum relaxed shirt l/s,blue,Men,APP MEN,Shirts,Bristum,No,9390.0
G-Star RAW,D10981-336-782,07 r t s/s,blue,Men,APP MEN,T-Shirt,GP,No,2390.0
G-Star RAW,D10986-336-782,09 r t s/s,blue,Men,APP MEN,T-Shirt,GP,No,3990.0
G-Star RAW,D09107-A091-8345,3301 straight shirt s/s,blue,Men,APP MEN,Shirts,3301,No,7890.0
G-Star RAW,D08474-9842-3906,Doax r sw l/s,black,Men,APP MEN,Sweats,Doax,No,5890.0
G-Star RAW,D08478-9842-3906,Loaq hooded sw l/s,black,Men,APP MEN,Sweats,Loaq,No,7090.0
G-Star RAW,D09851-A611-3906,Revir stor raglan r sw l/s,black,Men,APP MEN,Sweats,Revir,No,6290.0
G-Star RAW,D08991-A293-7396,Rovic rc 3d straight tapered,green,Men,APP MEN,Pants,Rovic,No,9390.0
G-Star RAW,D10063-9172-2688,Type C utility pm overshirt,green,Men,APP MEN,Overshirts,Type C,No,11790.0
G-Star RAW,D10063-A293-7396,Type C utility pm overshirt,green,Men,APP MEN,Overshirts,Type C,No,10990.0
G-Star RAW,D09472-A322-8481,Bristum utility clean service shirt s/s,green,Men,APP MEN,Shirts,Bristum,No,6290.0
G-Star RAW,D08892-A341-7396,Reqal stalt dc r sw l/s ,green,Men,APP MEN,Sweats,No,No,7090.0
G-Star RAW,D02190-5126-367,Rovic zip 3d straight tapered,green,Men,APP MEN,Pants,Rovic,Straight Tapered,7890.0
G-Star RAW,D09772-A572-9608,Rovic pm 3d straight tapered,green,Men,APP MEN,Pants,Rovic,Straight Tapered,10190.0
G-Star RAW,D09656-A584-9608,Strett sherpa hdd parka,green,Men,APP MEN,Jackets,Strett,No,23490.0
G-Star RAW,D09630-A275-9608,Whistler meefic quilted bomber,green,Men,APP MEN,Overshirts,Whistler,No,14890.0
G-Star RAW,D09646-A275-9608,Whistler meefic quilted hdd bomber,green,Men,APP MEN,Overshirts,Whistler,No,15690.0
G-Star RAW,D09883-A270-9608,Agbay core polo s/s,green,Men,APP MEN,Polos,Agbay,No,5490.0
G-Star RAW,D12596-A459-9282,Vodan teddy padded field jkt,green,Men,APP MEN,Jackets,Vodan,No,23490.0
G-Star RAW,D12585-A994-9282,Graphic mbc regular r t s/s,green,Men,APP MEN,T-Shirt,Graphic,No,3990.0
G-Star RAW,D12594-A995-9282,Graphic mbc core r sw l/s,green,Men,APP MEN,Sweats,Graphic,No,7090.0
G-Star RAW,D08503-1141-906,Drillon r t s/s,grey,Men,APP MEN,T-Shirt,No,No,2790.0
G-Star RAW,D08510-2757-906,Cadulor r t s/s,grey,Men,APP MEN,T-Shirt,No,No,2390.0
G-Star RAW,D08936-336-906,Tairi r t s/s,grey,Men,APP MEN,T-Shirt,No,No,2790.0
G-Star RAW,D08940-336-906,Tahire r t s/s,grey,Men,APP MEN,T-Shirt,No,No,2790.0
G-Star RAW,D08477-9842-906,Loaq r sw l/s,grey,Men,APP MEN,Sweats,No,No,5890.0
G-Star RAW,D08478-9842-906,Loaq hooded sw l/s,grey,Men,APP MEN,Sweats,No,No,7090.0
G-Star RAW,D01794-5126-995,Bronson slim chino,grey,Men,APP MEN,Pants,Bronson,Slim,7890.0
G-Star RAW,D02190-5126-995,Rovic zip 3d straight tapered,grey,Men,APP MEN,Pants,Rovic,Straight Tapered,7890.0
G-Star RAW,D09165-8886-7238,Rovic 3d straight tapered,grey,Men,APP MEN,Pants,Rovic,Straight Tapered,7890.0
G-Star RAW,D09767-5126-995,Rackam straight tapered cuffed,grey,Men,APP MEN,Pants,Rackam,Straight Tapered,10990.0
G-Star RAW,D09654-A516-995,Whistler strett sherpa hdd parka,grey,Men,APP MEN,Jackets,Whistler,No,21090.0
G-Star RAW,D09647-A569-995,Whistler meefic quilted bomber,grey,Men,APP MEN,Overshirts,Whistler,No,14890.0
G-Star RAW,D11201-A674-995,Whistler meefic quilted hdd bomber,grey,Men,APP MEN,Overshirts,Whistler,No,15690.0
G-Star RAW,D09825-A268-9789,Sverre r t s/s,grey,Men,APP MEN,T-Shirt,Sverre,No,3190.0
G-Star RAW,D11689-336-906,Tairi r t s/s,grey,Men,APP MEN,T-Shirt,Tairi,No,2790.0
G-Star RAW,D09797-A611-906,Strett dc hdd zip thru sw l/s,grey,Men,APP MEN,Sweats,Strett,No,8590.0
G-Star RAW,D09797-A611-995,Strett dc hdd zip thru sw l/s,grey,Men,APP MEN,Sweats,Strett,No,8590.0
G-Star RAW,D11697-A836-9789,Sverre core r sw l/s,grey,Men,APP MEN,Sweats,Sverre,No,7090.0
G-Star RAW,D08647-5126-994,ROVIC QANE BELT 3D TAPERED ,grey,Men,APP MEN,Pants,Rovic,No,10990.0
G-Star RAW,D10296-4561-995,Starkon granddad r t l/s,grey,Men,APP MEN,T-Shirt,Starkon,No,4690.0
G-Star RAW,D11176-8668-4287,Core r knit l/s,beige,Men,APP MEN,Knits,Core,No,7090.0
G-Star RAW,D08987-9288-1214,Rovic army relaxed,red,Men,APP MEN,Pants,Rovic,No,12490.0
G-Star RAW,D09111-A342-9462,Bristum shirt l/s,white,Men,APP MEN,Shirts,Bristum,No,7090.0
G-Star RAW,D10068-A342-9462,Bristum straight shirt s/s,white,Men,APP MEN,Shirts,Bristum,No,7090.0
G-Star RAW,D04457-1141-129,Dill r t l/s,white,Men,APP MEN,T-Shirt,No,No,3190.0
G-Star RAW,D08503-1141-129,Drillon r t s/s,white,Men,APP MEN,T-Shirt,No,No,2790.0
G-Star RAW,D08936-336-110,Tairi r t s/s,white,Men,APP MEN,T-Shirt,No,No,2790.0
G-Star RAW,D08938-4561-110,Motac-X r t l/s,white,Men,APP MEN,T-Shirt,Motac,No,5490.0
G-Star RAW,D08940-336-110,Tahire r t s/s,white,Men,APP MEN,T-Shirt,No,No,2790.0
G-Star RAW,D08950-8022-9641,Xartto r t s/s,white,Men,APP MEN,T-Shirt,No,No,3190.0
G-Star RAW,D10133-A268-9214,Tertil r t s/s,white,Men,APP MEN,T-Shirt,Tertil,No,3190.0
G-Star RAW,D10981-336-110,07 r t s/s,white,Men,APP MEN,T-Shirt,GP,No,2390.0
G-Star RAW,D10986-336-110,09 r t s/s,white,Men,APP MEN,T-Shirt,GP,No,3990.0
G-Star RAW,D08885-9899-9433,Hyce stalt dc r sw l/s ,white,Men,APP MEN,Sweats,No,No,7090.0
G-Star RAW,D11321-9497-2990,Bristum service dress,black,Women,APP WMN,Dresses,UOTF,No,10990.0
G-Star RAW,D09051-9891-6484,Bristum pleated wide leg chino wmn,black,Women,APP WMN,Pants,Bristum,No,10190.0
G-Star RAW,D10061-A280-8673,Rovic high paperbag pant wmn,black,Women,APP WMN,Pants,Rovic,No,8590.0
G-Star RAW,D09053-9891-6484,Bristum pleated high bermuda wmn,black,Women,APP WMN,Shorts,Bristum,No,7890.0
G-Star RAW,D09059-9892-6484,Bristum wide leg 7/8 jumpsuit wmn,black,Women,APP WMN,Jumpsuit,Bristum,No,13290.0
G-Star RAW,D10008-9405-6484,Bristum army wrap skirt wmn,black,Women,APP WMN,Skirts,Bristum,No,7890.0
G-Star RAW,D09064-9891-6484,Army cropped jkt wmn,black,Women,APP WMN,Overshirts,No,No,10190.0
G-Star RAW,D09070-5123-6484,Deline bf shirt wmn l/s,black,Women,APP WMN,Shirts,Deline,No,6290.0
G-Star RAW,D09072-9892-6484,Collyde woven tee wmn s/s,black,Women,APP WMN,Shirts,Collyde,No,6290.0
G-Star RAW,D09029-9685-6484,Joosa dress v wmn s/s,black,Women,APP WMN,Dresses,No,No,5490.0
G-Star RAW,D09471-A109-8673,Deline shirt dress 3/4,black,Women,APP WMN,Dresses,Deline,No,9390.0
G-Star RAW,D09471-A113-6384,Deline shirt dress 3/4,black,Women,APP WMN,Dresses,Deline,No,12490.0
G-Star RAW,D09471-A115-9086,Deline shirt dress 3/4,black,Women,APP WMN,Dresses,Deline,No,12490.0
G-Star RAW,D09008-9687-6484,RC ovvela straight deep v t wmn 1/2 slv,black,Women,APP WMN,T-Shirt,No,No,2790.0
G-Star RAW,D08898-9991-6484,Loose hooded sw wmn l/s,black,Women,APP WMN,Sweats,No,No,7090.0
G-Star RAW,D08904-9899-9083,Hyce loose long hdd sw wmn l/s ,black,Women,APP WMN,Sweats,No,No,8590.0
G-Star RAW,D04063-5126-6484,Rovic mid skinny wmn,black,Women,APP WMN,Pants,Rovic,Skinny,7890.0
G-Star RAW,D10683-9172-6484,Army radar mid bf wmn,black,Women,APP WMN,Pants,Army,No,9390.0
G-Star RAW,D09683-A569-6484,Whistler hdd qlt slim long coat wmn,black,Women,APP WMN,Jackets,Whistler,Slim,15690.0
G-Star RAW,D09702-A587-6484,Minor slim trench wmn,black,Women,APP WMN,Jackets,Minor,Slim,17190.0
G-Star RAW,D10690-A579-6484,Whistler hdd qlt a-line jkt wmn PL,black,Women,APP WMN,Jackets,Whistler,No,20290.0
G-Star RAW,D10669-9196-7293,Xinva slim funnel dress wmn l/s,black,Women,APP WMN,Dresses,Xinva,Slim,6290.0
G-Star RAW,D10707-9189-6484,Suzaki dress knit wmn l/s,black,Women,APP WMN,Dresses,Suzaki,No,9390.0
G-Star RAW,D09735-9196-7293,Xinva slim funnel t wmn l/s,black,Women,APP WMN,T-Shirt,Xinva,Slim,3990.0
G-Star RAW,D11692-2757-6484,Xinva r t wmn s/s,black,Women,APP WMN,T-Shirt,Xinva,No,3190.0
G-Star RAW,D09738-A611-6484,Aerva slim hdd zip thru sw wmn l/s,black,Women,APP WMN,Sweats,Aerva,Slim,7090.0
G-Star RAW,D09869-A611-6484,Micella cropped r sw wmn l/s,black,Women,APP WMN,Sweats,Micella,No,5490.0
G-Star RAW,D10737-9189-6484,Suzaki mock turtle knit wmn l/s,black,Women,APP WMN,Knits,Suzaki,No,8590.0
G-Star RAW,D11681-9189-6484,Suzaki r knit wmn l/s,black,Women,APP WMN,Knits,Suzaki,No,7890.0
G-Star RAW,D11706-A845-6484,Cyeil turtle knit wmn l/s,black,Women,APP WMN,Knits,Cyeil,No,9390.0
G-Star RAW,D10714-A579-6484,WHISTLER HDD FUR QLT LONG COAT,black,Women,APP WMN,Jackets,Whistler,No,20290.0
G-Star RAW,D10713-A579-6484,WHISTLER HDD FX FUR QLT SLIM COAT,black,Women,APP WMN,Jackets,Whistler,No,20290.0
G-Star RAW,D10683-A477-6484,Army radar mid bf wmn,black,Women,APP WMN,Pants,Army Radar,No,9390.0
G-Star RAW,D11300-9497-6484,Avernus racer jumpsuit wmn,black,Women,APP WMN,Jumpsuit,UOTF,No,17990.0
G-Star RAW,D10322-5802-6484,Chopper slim biker jkt wmn,black,Women,APP WMN,(P)leather jackets,Chopper,No,15690.0
G-Star RAW,D10338-A420-6484,Rovic bf padded faux fur parka wmn,black,Women,APP WMN,Jackets,Rovic,No,28090.0
G-Star RAW,D10340-9096-8299,Deline teddy reversible bomber wmn,black,Women,APP WMN,Jackets,Deline,No,21090.0
G-Star RAW,D10429-A633-9974,Xinva slim flare  funnel dress l/s,black,Women,APP WMN,Dresses,Xinva,No,7890.0
G-Star RAW,D11277-9297-6484,Loose funnel t wmn l/s,black,Women,APP WMN,Tops,Loose funnel,No,3990.0
G-Star RAW,D12124-A629-5929,Cheiri eclips straight r t wmn s/s,black,Women,APP WMN,Tops,Jaden Smith,No,6290.0
G-Star RAW,D10272-A771-6484,Kikko xzula bomber sw wmn l/s,black,Women,APP WMN,Sweats,Kikko,No,8590.0
G-Star RAW,D09083-8555-976,Rackam os cropped bomber wmn ,black,Women,APP WMN,Overshirts,Rackam,No,14890.0
G-Star RAW,D05700-9874-071,3301 Deconst Mid Skinny Wmn,blue,Women,APP WMN,Jeans,3301,Skinny,9490.0
G-Star RAW,D06722-8968-3143,5622 Mid Skinny Wmn,blue,Women,APP WMN,Jeans,5622,Skinny,11890.0
G-Star RAW,D06722-8969-9114,5622 Mid Skinny Wmn,blue,Women,APP WMN,Jeans,5622,Skinny,9490.0
G-Star RAW,D06722-8970-082,5622 Mid Skinny Wmn,blue,Women,APP WMN,Jeans,5622,Skinny,11090.0
G-Star RAW,D06729-9882-424,D-Staq 5-pkt Mid Skinny Wmn,blue,Women,APP WMN,Jeans,D-Staq,Skinny,11090.0
G-Star RAW,D07113-9296-9395,G-star Shape High Super Skinny Wmn,blue,Women,APP WMN,Jeans,Shape,Super Skinny,11090.0
G-Star RAW,D07113-9638-9408,G-star Shape High Super Skinny Wmn,blue,Women,APP WMN,Jeans,Shape,Super Skinny,12590.0
G-Star RAW,D09116-9136-4970,5622 G-star Shape High Super Skinny Wmn,blue,Women,APP WMN,Jeans,5622,Super Skinny,9490.0
G-Star RAW,D09137-9438-9399,Midge High Boyfriend Wmn,blue,Women,APP WMN,Jeans,Midge,Boyfriend,10290.0
G-Star RAW,D03515-8586-1243,Midge Saddle Boyfriend Wmn,blue,Women,APP WMN,Jeans,Midge,Boyfriend,11090.0
G-Star RAW,D09098-9920-9391,Midge S High Boyfriend Wmn,blue,Women,APP WMN,Jeans,Midge,Boyfriend,12590.0
G-Star RAW,D09103-9587-071,Midge Mid Straight Wmn,blue,Women,APP WMN,Jeans,Midge,Straight,9490.0
G-Star RAW,D09103-9882-424,Midge Mid Straight Wmn,blue,Women,APP WMN,Jeans,Midge,Straight,10290.0
G-Star RAW,D09104-9595-7168,3301 High Straight 90's coj Ankle Wmn,blue,Women,APP WMN,Color Jeans,3301,Straight,7890.0
G-Star RAW,D03166-5488-4213,Bronson mid skinny chino wmn,blue,Women,APP WMN,Pants,Bronson,No,7890.0
G-Star RAW,D09121-8973-6026,Arc Wrap Skirt,blue,Women,APP WMN,Skirts,Arc,No,7090.0
G-Star RAW,D10117-8973-071,3301 jkt wmn,blue,Women,APP WMN,Jackets,3301,No,11790.0
G-Star RAW,D09072-9892-1875,Collyde woven tee wmn s/s,blue,Women,APP WMN,Shirts,Collyde,No,6290.0
G-Star RAW,D09471-A108-7008,Deline shirt dress 3/4,blue,Women,APP WMN,Dresses,Deline,No,9390.0
G-Star RAW,D09471-A112-8670,Deline shirt dress 3/4,blue,Women,APP WMN,Dresses,Deline,No,9390.0
G-Star RAW,D09008-9687-1855,RC ovvela straight deep v t wmn 1/2 slv,blue,Women,APP WMN,T-Shirt,No,No,2790.0
G-Star RAW,D10972-A643-8260,17 r t wmn s/s,blue,Women,APP WMN,T-Shirt,GP,No,3990.0
G-Star RAW,D10973-2757-6067,18 slim r t wmn s/s,blue,Women,APP WMN,T-Shirt,GP,No,2390.0
G-Star RAW,D10982-A645-7008,23 thai silk ao r t wmn s/s,blue,Women,APP WMN,T-Shirt,GP,No,3190.0
G-Star RAW,D05281-8969-89,Midge Zip Mid Skinny Wmn,blue,Women,APP WMN,Jeans,Midge,Skinny,10290.0
G-Star RAW,D05281-9882-071,Midge Zip Mid Skinny Wmn,blue,Women,APP WMN,Jeans,Midge,Skinny,11090.0
G-Star RAW,D06333-9425-082,Lynn d-Mid Super Skinny Wmn,blue,Women,APP WMN,Jeans,Lynn,Super Skinny,9490.0
G-Star RAW,D06333-9425-3143,Lynn d-Mid Super Skinny Wmn,blue,Women,APP WMN,Jeans,Lynn,Super Skinny,10290.0
G-Star RAW,D06333-9425-9563,Lynn d-Mid Super Skinny Wmn,blue,Women,APP WMN,Jeans,Lynn,Super Skinny,10290.0
G-Star RAW,D07113-9136-9753,G-star Shape High Super Skinny Wmn,blue,Women,APP WMN,Jeans,Shape,Super Skinny,10290.0
G-Star RAW,D09103-8968-001,Midge Mid Straight Wmn,blue,Women,APP WMN,Jeans,Midge,Straight,8690.0
G-Star RAW,D09116-9136-9753,5622 G-star Shape High Super Skinny Wmn,blue,Women,APP WMN,Jeans,5622,Super Skinny,10290.0
G-Star RAW,D09548-9409-071,Arc 2.0 3D Mid Boyfriend Wmn,blue,Women,APP WMN,Jeans,Arc,Boyfriend,10290.0
G-Star RAW,D09585-8973-9401,Motac Deconst 3D High Skinny Wmn,blue,Women,APP WMN,Jeans,Motac,Skinny,12590.0
G-Star RAW,D09585-8973-9402,Motac Deconst 3D High Skinny Wmn,blue,Women,APP WMN,Jeans,Motac,Skinny,13390.0
G-Star RAW,D09677-8968-001,Bronson high skinny chino wmn,blue,Women,APP WMN,Pants,Bronson,Skinny,10190.0
G-Star RAW,D10688-8197-071,Rovic dnm jumpsuit wmn l/s,blue,Women,APP WMN,Jumpsuit,Rovic,No,14090.0
G-Star RAW,D10402-8973-5543,5622 Skirt,blue,Women,APP WMN,Skirts,5622,No,6290.0
G-Star RAW,D10402-9409-6193,5622 Skirt,blue,Women,APP WMN,Skirts,5622,No,7090.0
G-Star RAW,D09683-A140-6067,Whistler hdd qlt slim long coat wmn,blue,Women,APP WMN,Jackets,Whistler,Slim,15690.0
G-Star RAW,D09699-A516-4213,Rovic slim pdd teddy parka wmn,blue,Women,APP WMN,Jackets,Rovic,Slim,21890.0
G-Star RAW,D09753-8106-071,Deline dress wmn 3/4 slv,blue,Women,APP WMN,Dresses,Deline,No,10190.0
G-Star RAW,D10660-7826-89,Tacoma slim flare dress l/s,blue,Women,APP WMN,Dresses,Tacoma,Slim,9390.0
G-Star RAW,D11681-9189-1305,Suzaki r knit wmn l/s,blue,Women,APP WMN,Knits,Suzaki,No,7890.0
G-Star RAW,D11300-9497-6067,Avernus racer jumpsuit wmn,blue,Women,APP WMN,Jumpsuit,UOTF,No,17990.0
G-Star RAW,D10338-A420-6067,Rovic bf padded faux fur parka wmn,blue,Women,APP WMN,Jackets,Rovic,No,28090.0
G-Star RAW,D11732-D013-9115,Blake denim overshirt wmn,blue,Women,APP WMN,Overshirts,UOTF,No,11790.0
G-Star RAW,D10377-9196-6370,Xinva slim flare funnel dress l/s,blue,Women,APP WMN,Dresses,Xinva,No,6290.0
G-Star RAW,D11321-D013-9115,Bristum service dress,blue,Women,APP WMN,Dresses,UOTF,No,11790.0
G-Star RAW,D10808-A629-9839,Cheiri water straight r t wmn s/s,blue,Women,APP WMN,T-Shirt,Jaden Smith,No,6290.0
G-Star RAW,D10268-A434-6067,Kikko xzula r sw wmn l/s,blue,Women,APP WMN,Sweats,Kikko,No,6290.0
G-Star RAW,D10273-A610-6067,Kikko os hdd zip thru sw wmn l/s,blue,Women,APP WMN,Sweats,Kikko,No,7890.0
G-Star RAW,D11405-A773-4213,Leyla turtle knit wmn l/s,blue,Women,APP WMN,Knits,Leyla turlte,No,7890.0
G-Star RAW,D09051-6153-082,Bristum pleated wide leg chino wmn,blue,Women,APP WMN,Pants,Bristum,No,10190.0
G-Star RAW,D09049-6153-082,Tacoma jumpsuit wmn l/s,blue,Women,APP WMN,Jumpsuit,Tacoma,No,13290.0
G-Star RAW,D09064-6153-082,Army cropped jkt wmn,blue,Women,APP WMN,Overshirts,No,No,10190.0
G-Star RAW,D09044-6153-082,Tacoma classic shirt wmn l/s,blue,Women,APP WMN,Shirts,Tacoma,No,7890.0
G-Star RAW,D09050-6153-082,Tacoma dress l/s,blue,Women,APP WMN,Dresses,Tacoma,No,11790.0
G-Star RAW,D09535-8970-082,Motac dc os Cropped Moto Uni Jkt Wmn,blue,Women,APP WMN,Jackets,Motac,No,13290.0
G-Star RAW,D09934-8973-082,Minor dnm classic trench wmn,blue,Women,APP WMN,Jackets,Minor,No,19590.0
G-Star RAW,D09933-8555-9187,Vodan dc open back crp shirt wmn l/s,red,Women,APP WMN,Shirts,Vodan,No,7090.0
G-Star RAW,D10008-9405-3380,Bristum army wrap skirt wmn,beige,Women,APP WMN,Skirts,Bristum,No,7890.0
G-Star RAW,D10683-9172-7159,Army radar mid bf wmn,black,Women,APP WMN,Pants,Army,No,9390.0
G-Star RAW,D09933-8555-7159,Vodan dc open back crp shirt wmn l/s,black,Women,APP WMN,Shirts,Vodan,No,7090.0
G-Star RAW,D10973-2757-5666,18 slim r t wmn s/s,red,Women,APP WMN,T-Shirt,GP,No,2390.0
G-Star RAW,D04063-5126-5163,Rovic mid skinny wmn,black,Women,APP WMN,Pants,Rovic,Skinny,7890.0
G-Star RAW,D03166-5488-1471,Bronson mid skinny chino wmn,green,Women,APP WMN,Pants,Bronson,No,7890.0
G-Star RAW,D09077-9405-1471,Rovic high paperbag short wmn,green,Women,APP WMN,Shorts,Revend,No,7890.0
G-Star RAW,D10008-9405-1471,Bristum army wrap skirt wmn,green,Women,APP WMN,Skirts,Bristum,No,7890.0
G-Star RAW,D09070-5123-1471,Deline bf shirt wmn l/s,green,Women,APP WMN,Shirts,Deline,No,6290.0
G-Star RAW,D10984-A644-7396,24 woodland camo ao v t wmn s/s,green,Women,APP WMN,T-Shirt,GP,No,3190.0
G-Star RAW,D09699-A583-9608,Rovic slim pdd teddy parka wmn,green,Women,APP WMN,Jackets,Rovic,Slim,21890.0
G-Star RAW,D10657-A586-9608,Strett qlt jkt wmn,green,Women,APP WMN,Overshirts,Strett,No,11790.0
G-Star RAW,D10010-9134-8805,Spiraq 3D high wide leg 7/8 wmn,grey,Women,APP WMN,Pants,No,No,10190.0
G-Star RAW,D09078-9134-8805,Rovic high paperbag short wmn,grey,Women,APP WMN,Shorts,Revend,No,7090.0
G-Star RAW,D09044-9134-8805,Tacoma classic shirt wmn l/s,grey,Women,APP WMN,Shirts,Tacoma,No,7890.0
G-Star RAW,D10969-2757-906,15 r t wmn s/s,grey,Women,APP WMN,T-Shirt,GP,No,3190.0
G-Star RAW,D10973-2757-906,18 slim r t wmn s/s,grey,Women,APP WMN,T-Shirt,GP,No,2390.0
G-Star RAW,D09682-A140-995,Whistler qlt slim jkt wmn,grey,Women,APP WMN,Jackets,Whistler,Slim,14890.0
G-Star RAW,D09683-A140-995,Whistler hdd qlt slim long coat wmn,grey,Women,APP WMN,Jackets,Whistler,Slim,15690.0
G-Star RAW,D09699-A516-995,Rovic slim pdd teddy parka wmn,grey,Women,APP WMN,Jackets,Rovic,Slim,21890.0
G-Star RAW,D09702-A587-995,Minor slim trench wmn,grey,Women,APP WMN,Jackets,Minor,Slim,17190.0
G-Star RAW,D10657-A140-995,Strett qlt jkt wmn,grey,Women,APP WMN,Overshirts,Strett,No,11790.0
G-Star RAW,D10669-9196-4968,Xinva slim funnel dress wmn l/s,grey,Women,APP WMN,Dresses,Xinva,Slim,6290.0
G-Star RAW,D11702-A836-9789,Sverre reffit bf r sw dress wmn l/s,grey,Women,APP WMN,Dresses,Sverre,No,8590.0
G-Star RAW,D09735-9196-4968,Xinva slim funnel t wmn l/s,grey,Women,APP WMN,T-Shirt,Xinva,Slim,3990.0
G-Star RAW,D09738-A611-906,Aerva slim hdd zip thru sw wmn l/s,grey,Women,APP WMN,Sweats,Aerva,Slim,7090.0
G-Star RAW,D11405-A773-2864,Leyla turtle knit wmn l/s,grey,Women,APP WMN,Knits,Leyla turlte,No,7890.0
G-Star RAW,D10377-9196-4287,Xinva slim flare funnel dress l/s,beige,Women,APP WMN,Dresses,Xinva,No,6290.0
G-Star RAW,D09735-9196-4287,Xinva slim funnel t wmn l/s,beige,Women,APP WMN,T-Shirt,Xinva,No,3990.0
G-Star RAW,D11277-9297-4287,Loose funnel t wmn l/s,beige,Women,APP WMN,Tops,Loose funnel,No,3990.0
G-Star RAW,D10268-A434-4287,Kikko xzula r sw wmn l/s,beige,Women,APP WMN,Sweats,Kikko,No,6290.0
G-Star RAW,D10273-A610-4287,Kikko os hdd zip thru sw wmn l/s,beige,Women,APP WMN,Sweats,Kikko,No,7890.0
G-Star RAW,D09059-9892-941,Bristum wide leg 7/8 jumpsuit wmn,beige,Women,APP WMN,Jumpsuit,Bristum,No,13290.0
G-Star RAW,D09072-9892-941,Collyde woven tee wmn s/s,beige,Women,APP WMN,Shirts,Collyde,No,6290.0
G-Star RAW,D09029-9685-941,Joosa dress v wmn s/s,beige,Women,APP WMN,Dresses,No,No,5490.0
G-Star RAW,D09008-9687-941,RC ovvela straight deep v t wmn 1/2 slv,beige,Women,APP WMN,T-Shirt,No,No,2790.0
G-Star RAW,D09121-8973-1243,Arc Wrap Skirt,beige,Women,APP WMN,Skirts,Arc,No,7090.0
G-Star RAW,D10969-2757-671,15 r t wmn s/s,red,Women,APP WMN,T-Shirt,GP,No,3190.0
G-Star RAW,D10669-9196-3907,Xinva slim funnel dress wmn l/s,red,Women,APP WMN,Dresses,Xinva,Slim,6290.0
G-Star RAW,D09735-9196-3907,Xinva slim funnel t wmn l/s,red,Women,APP WMN,T-Shirt,Xinva,Slim,3990.0
G-Star RAW,D10340-9096-8811,Deline teddy reversible bomber wmn,red,Women,APP WMN,Jackets,Deline,No,21090.0
G-Star RAW,D10268-A434-9182,Kikko xzula r sw wmn l/s,red,Women,APP WMN,Sweats,Kikko,No,6290.0
G-Star RAW,D10272-A771-9182,Kikko xzula bomber sw wmn l/s,red,Women,APP WMN,Sweats,Kikko,No,8590.0
G-Star RAW,D10273-A610-9182,Kikko os hdd zip thru sw wmn l/s,red,Women,APP WMN,Sweats,Kikko,No,7890.0
G-Star RAW,D10969-2757-7176,15 r t wmn s/s,pink,Women,APP WMN,T-Shirt,GP,No,3190.0
G-Star RAW,D10973-2757-7176,18 slim r t wmn s/s,pink,Women,APP WMN,T-Shirt,GP,No,2390.0
G-Star RAW,D10117-8973-9471,3301 jkt wmn,red,Women,APP WMN,Jackets,3301,No,13290.0
G-Star RAW,D09682-A140-624,Whistler qlt slim jkt wmn,red,Women,APP WMN,Jackets,Whistler,Slim,14890.0
G-Star RAW,D09683-A140-624,Whistler hdd qlt slim long coat wmn,red,Women,APP WMN,Jackets,Whistler,Slim,15690.0
G-Star RAW,D04434-2757-624,Eyben slim v t wmn s/s,red,Women,APP WMN,T-Shirt,Eyben,Slim,1590.0
G-Star RAW,D04440-8653-624,Suphe slim v t wmn s/s,red,Women,APP WMN,T-Shirt,Suphe,Slim,2790.0
G-Star RAW,D09735-9196-9763,Xinva slim funnel t wmn l/s,red,Women,APP WMN,T-Shirt,Xinva,Slim,3990.0
G-Star RAW,D09869-A611-624,Micella cropped r sw wmn l/s,red,Women,APP WMN,Sweats,Micella,No,5490.0
G-Star RAW,D10737-9189-624,Suzaki mock turtle knit wmn l/s,red,Women,APP WMN,Knits,Suzaki,No,8590.0
G-Star RAW,D11681-9189-624,Suzaki r knit wmn l/s,red,Women,APP WMN,Knits,Suzaki,No,7890.0
G-Star RAW,D11706-A845-624,Cyeil turtle knit wmn l/s,red,Women,APP WMN,Knits,Cyeil,No,9390.0
G-Star RAW,D11277-9297-9700,Loose funnel t wmn l/s,red,Women,APP WMN,Tops,Loose funnel,No,3990.0
G-Star RAW,D11314-A753-2957,Lynaz hdd sw win ch ao wmn l/s,red,Women,APP WMN,Sweats,UOTF,No,7890.0
G-Star RAW,D10969-2757-782,15 r t wmn s/s,beige,Women,APP WMN,T-Shirt,GP,No,3190.0
G-Star RAW,D03166-5488-436,Bronson mid skinny chino wmn,beige,Women,APP WMN,Pants,Bronson,No,7890.0
G-Star RAW,D11395-8415-3396,Graphic 1 pocket r t wmn s/s,red,Women,APP WMN,Tops,UOTF,No,3190.0
G-Star RAW,D11312-A433-3396,Lynaz hdd sw wmn l/s,red,Women,APP WMN,Sweats,UOTF,No,7090.0
G-Star RAW,D09030-9944-9434,Joosa ao dress v wmn s/s,white,Women,APP WMN,Dresses,No,No,5490.0
G-Star RAW,D10972-A643-311,17 r t wmn s/s,white,Women,APP WMN,T-Shirt,GP,No,3990.0
G-Star RAW,D10973-2757-110,18 slim r t wmn s/s,white,Women,APP WMN,T-Shirt,GP,No,2390.0
G-Star RAW,D10982-A645-9693,23 thai silk ao r t wmn s/s,white,Women,APP WMN,T-Shirt,GP,No,3190.0
G-Star RAW,D08898-9991-110,Loose hooded sw wmn l/s,white,Women,APP WMN,Sweats,No,No,7090.0
G-Star RAW,D08904-9899-9431,Hyce loose long hdd sw wmn l/s ,white,Women,APP WMN,Sweats,No,No,8590.0
G-Star RAW,D10664-8675-9758,Zovas slim boatneck wmn l/s,white,Women,APP WMN,T-Shirt,Zovas,Slim,3990.0
G-Star RAW,D11692-2757-110,Xinva r t wmn s/s,white,Women,APP WMN,T-Shirt,Xinva,No,3190.0
G-Star RAW,D09748-A835-9571,Deline breton turtle knit wmn l/s,white,Women,APP WMN,Knits,Deline,No,7890.0
G-Star RAW,D10779-A604-990,Core Derby Boot II,black,Men,FTW MEN,Boots,Core,No,11790.0
G-Star RAW,D10781-A602-990,Roofer II,black,Men,FTW MEN,Boots,Roofer,No,17290.0
G-Star RAW,D10784-8716-990,Rovulc Zip Mid,black,Men,FTW MEN,Sneakers,Rovulc,No,6890.0
G-Star RAW,D10153-8688-723,Rackam Wallabee Sport,black,Men,FTW MEN,Sneakers,Rackam,No,9690.0
G-Star RAW,D10779-A604-288,Core Derby Boot II,black,Men,FTW MEN,Boots,Core,No,11790.0
G-Star RAW,D10210-A395-2688,Rackam yard low,green,Men,FTW MEN,Sneakers,Rackam,No,8990.0
G-Star RAW,D10212-A395-2688,Scuba III,green,Men,FTW MEN,Sneakers,No,No,6890.0
G-Star RAW,D10781-A602-2202,Roofer II,beige,Men,FTW MEN,Boots,Roofer,No,17290.0
G-Star RAW,D10435-A392-9434,ROVULC LOW AOP,white,Men,FTW MEN,Sneakers,ROVULC,No,5590.0
G-Star RAW,D10436-A392-9434,ROVULC MID AOP,white,Men,FTW MEN,Sneakers,ROVULC,No,6290.0
G-Star RAW,D10213-A396-205,Strett lace up ,black,Women,FTW WMN,Sneakers,Strett,No,5590.0
G-Star RAW,D10213-A396-990,Strett lace up ,black,Women,FTW WMN,Sneakers,Strett,No,5590.0
G-Star RAW,D10773-A602-990,Roofer II WMN,black,Women,FTW WMN,Boots,Roofer,No,15890.0
G-Star RAW,D10776-8718-990,Rackam Heel Boot,black,Women,FTW WMN,Boots,Rackam,No,13090.0
G-Star RAW,D10431-A391-6151,ROVULC LOW AOP WMN,blue,Women,FTW WMN,Sneakers,ROVULC,No,5590.0
G-Star RAW,D10433-A391-6151,ROVULC MID AOP WMN,blue,Women,FTW WMN,Sneakers,ROVULC,No,6290.0
G-Star RAW,D10773-A602-1628,Roofer II WMN,pink,Women,FTW WMN,Boots,Roofer,No,15890.0
G-Star RAW,D10206-A392-9434,ROVULC LOW AOP WMN ,white,Women,FTW WMN,Sneakers,ROVULC,No,5590.0
G-Star RAW,D10434-A392-9434,ROVULC MID AOP WMN,white,Women,FTW WMN,Sneakers,ROVULC,No,6290.0
,,,,,,,,,
